-- phpMyAdmin SQL Dump
-- version 5.2.1
-- https://www.phpmyadmin.net/
--
-- Host: 127.0.0.1
-- Generation Time: Aug 11, 2023 at 05:40 AM
-- Server version: 10.4.28-MariaDB
-- PHP Version: 8.2.4

SET SQL_MODE = "NO_AUTO_VALUE_ON_ZERO";
START TRANSACTION;
SET time_zone = "+00:00";


/*!40101 SET @OLD_CHARACTER_SET_CLIENT=@@CHARACTER_SET_CLIENT */;
/*!40101 SET @OLD_CHARACTER_SET_RESULTS=@@CHARACTER_SET_RESULTS */;
/*!40101 SET @OLD_COLLATION_CONNECTION=@@COLLATION_CONNECTION */;
/*!40101 SET NAMES utf8mb4 */;

--
-- Database: `ecommerce_db`
--

-- --------------------------------------------------------

--
-- Table structure for table `cart`
--

CREATE TABLE `cart` (
  `cart_id` int(11) NOT NULL,
  `user_id` int(11) DEFAULT NULL,
  `product_id` int(11) DEFAULT NULL,
  `quantity` int(11) DEFAULT NULL
) ENGINE=InnoDB DEFAULT CHARSET=utf8mb4 COLLATE=utf8mb4_general_ci;

-- --------------------------------------------------------

--
-- Table structure for table `order_history`
--

CREATE TABLE `order_history` (
  `order_id` int(11) NOT NULL,
  `user_id` int(11) NOT NULL,
  `product_id` int(11) NOT NULL,
  `quantity` int(11) NOT NULL,
  `total_price` decimal(10,2) NOT NULL,
  `order_date` timestamp NOT NULL DEFAULT current_timestamp()
) ENGINE=InnoDB DEFAULT CHARSET=utf8mb4 COLLATE=utf8mb4_general_ci;

--
-- Dumping data for table `order_history`
--

INSERT INTO `order_history` (`order_id`, `user_id`, `product_id`, `quantity`, `total_price`, `order_date`) VALUES
(23, 3, 36, 1, 15999.00, '2023-08-07 21:51:38'),
(24, 3, 8, 1, 2099.00, '2023-08-07 21:52:35'),
(25, 3, 2, 2, 7697.00, '2023-08-08 17:15:58'),
(26, 3, 7, 2, 7797.00, '2023-08-10 01:52:56'),
(27, 3, 2, 1, 2799.00, '2023-08-10 01:53:29'),
(28, 3, 2, 1, 2799.00, '2023-08-10 19:46:44');

-- --------------------------------------------------------

--
-- Table structure for table `product_ratings`
--

CREATE TABLE `product_ratings` (
  `rating_id` int(11) NOT NULL,
  `product_id` int(11) DEFAULT NULL,
  `user_id` int(11) DEFAULT NULL,
  `battery_life` tinyint(4) DEFAULT NULL,
  `display_quality` tinyint(4) DEFAULT NULL,
  `look_and_feel` tinyint(4) DEFAULT NULL,
  `product_quality` tinyint(4) DEFAULT NULL,
  `value_for_money` tinyint(4) DEFAULT NULL,
  `ease_for_use` tinyint(4) DEFAULT NULL,
  `timestamp` timestamp NOT NULL DEFAULT current_timestamp()
) ENGINE=InnoDB DEFAULT CHARSET=utf8mb4 COLLATE=utf8mb4_general_ci;

--
-- Dumping data for table `product_ratings`
--

INSERT INTO `product_ratings` (`rating_id`, `product_id`, `user_id`, `battery_life`, `display_quality`, `look_and_feel`, `product_quality`, `value_for_money`, `ease_for_use`, `timestamp`) VALUES
(1, 1, 3, 5, 5, 4, 5, 4, 4, '2023-08-08 03:48:21'),
(2, 2, 3, 4, 5, 4, 4, 5, 4, '2023-08-08 03:48:21'),
(3, 1, 4, 4, 4, 5, 4, 4, 4, '2023-08-08 03:48:21'),
(4, 2, 4, 4, 4, 4, 4, 4, 4, '2023-08-08 03:48:21'),
(5, 1, 13, 5, 5, 5, 5, 5, 4, '2023-08-08 03:48:21'),
(6, 1, 13, 4, 4, 4, 4, 5, 4, '2023-08-08 03:48:21'),
(7, 1, 14, 4, 5, 4, 4, 4, 5, '2023-08-08 03:48:21'),
(8, 2, 14, 5, 5, 5, 4, 5, 4, '2023-08-08 03:48:21'),
(9, 1, 15, 5, 5, 5, 5, 5, 5, '2023-08-08 03:48:21'),
(10, 1, 15, 4, 4, 4, 4, 5, 4, '2023-08-08 03:48:21'),
(11, 2, 16, 4, 5, 4, 4, 4, 4, '2023-08-08 03:48:21'),
(12, 2, 16, 4, 4, 4, 4, 4, 4, '2023-08-08 03:48:21'),
(13, 1, 17, 4, 4, 5, 4, 4, 4, '2023-08-08 03:48:21'),
(14, 1, 17, 4, 4, 4, 4, 4, 4, '2023-08-08 03:48:21'),
(15, 2, 18, 5, 5, 5, 5, 5, 5, '2023-08-08 03:48:21'),
(16, 2, 18, 4, 4, 4, 4, 5, 4, '2023-08-08 03:48:21'),
(17, 1, 19, 5, 5, 4, 5, 4, 4, '2023-08-08 03:48:21'),
(18, 2, 19, 4, 5, 4, 4, 5, 4, '2023-08-08 03:48:21'),
(19, 1, 20, 5, 5, 4, 5, 4, 4, '2023-08-08 03:48:21'),
(20, 2, 20, 4, 5, 4, 4, 5, 4, '2023-08-08 03:48:21'),
(21, 1, 3, 3, 2, 2, 3, 3, 2, '2023-01-11 02:40:31'),
(22, 1, 4, 1, 1, 2, 2, 2, 4, '2023-05-18 02:40:31'),
(23, 1, 13, 2, 5, 1, 3, 3, 3, '2023-02-16 02:40:31'),
(24, 1, 14, 1, 3, 4, 1, 4, 2, '2023-02-22 02:40:31'),
(25, 1, 15, 2, 5, 3, 5, 2, 4, '2023-05-24 02:40:31'),
(26, 1, 16, 2, 3, 2, 4, 3, 2, '2022-08-19 02:40:31'),
(27, 1, 17, 1, 1, 3, 3, 1, 2, '2022-08-30 02:40:31'),
(28, 1, 18, 3, 5, 1, 3, 2, 1, '2022-12-15 02:40:31'),
(29, 1, 19, 5, 3, 4, 2, 2, 2, '2022-12-24 02:40:31'),
(30, 1, 20, 2, 5, 3, 5, 1, 3, '2023-05-17 02:40:31'),
(31, 2, 3, 4, 5, 4, 4, 5, 5, '2022-10-13 02:40:31'),
(32, 2, 4, 2, 1, 3, 1, 2, 3, '2023-07-29 02:40:31'),
(33, 2, 13, 5, 2, 3, 3, 2, 4, '2023-06-08 02:40:31'),
(34, 2, 14, 3, 1, 3, 4, 2, 5, '2022-10-31 02:40:31'),
(35, 2, 15, 1, 3, 5, 2, 1, 1, '2023-06-22 02:40:31'),
(36, 2, 16, 3, 1, 2, 5, 4, 4, '2022-12-03 02:40:31'),
(37, 2, 17, 1, 5, 3, 1, 2, 3, '2023-04-26 02:40:31'),
(38, 2, 18, 4, 4, 3, 2, 4, 5, '2022-12-06 02:40:31'),
(39, 2, 19, 3, 2, 5, 5, 4, 3, '2023-02-21 02:40:31'),
(40, 2, 20, 5, 2, 4, 4, 4, 5, '2023-03-02 02:40:31'),
(41, 3, 3, 4, 4, 4, 2, 1, 5, '2023-05-12 02:40:31'),
(42, 3, 4, 3, 4, 1, 5, 5, 1, '2023-02-19 02:40:31'),
(43, 3, 13, 5, 4, 4, 4, 3, 1, '2023-02-20 02:40:31'),
(44, 3, 14, 5, 4, 1, 2, 2, 3, '2022-10-30 02:40:31'),
(45, 3, 15, 2, 1, 1, 4, 3, 1, '2023-04-26 02:40:31'),
(46, 3, 16, 1, 2, 4, 4, 3, 3, '2023-02-14 02:40:31'),
(47, 3, 17, 1, 2, 5, 5, 2, 5, '2023-01-02 02:40:31'),
(48, 3, 18, 3, 1, 4, 1, 2, 2, '2023-06-26 02:40:31'),
(49, 3, 19, 1, 4, 4, 5, 2, 2, '2022-10-10 02:40:31'),
(50, 3, 20, 5, 3, 1, 2, 3, 4, '2022-12-27 02:40:31'),
(51, 4, 3, 1, 4, 3, 4, 3, 2, '2022-10-16 02:40:31'),
(52, 4, 4, 2, 1, 4, 2, 2, 4, '2022-12-11 02:40:31'),
(53, 4, 13, 1, 4, 5, 3, 1, 3, '2022-11-18 02:40:31'),
(54, 4, 14, 5, 3, 3, 4, 4, 4, '2022-11-15 02:40:31'),
(55, 4, 15, 3, 3, 2, 4, 2, 5, '2023-02-23 02:40:31'),
(56, 4, 16, 3, 3, 4, 2, 1, 5, '2022-11-12 02:40:31'),
(57, 4, 17, 2, 1, 2, 2, 4, 4, '2022-11-20 02:40:31'),
(58, 4, 18, 2, 1, 4, 2, 2, 5, '2023-01-31 02:40:31'),
(59, 4, 19, 5, 4, 1, 1, 3, 1, '2022-08-15 02:40:31'),
(60, 4, 20, 4, 2, 2, 1, 4, 4, '2023-01-01 02:40:31'),
(61, 5, 3, 5, 5, 2, 1, 2, 4, '2023-01-18 02:40:31'),
(62, 5, 4, 3, 2, 3, 1, 4, 2, '2023-02-14 02:40:31'),
(63, 5, 13, 3, 5, 4, 5, 3, 2, '2023-04-15 02:40:31'),
(64, 5, 14, 5, 5, 1, 2, 2, 3, '2023-04-01 02:40:31'),
(65, 5, 15, 3, 1, 3, 5, 2, 5, '2023-02-11 02:40:31'),
(66, 5, 16, 4, 1, 3, 1, 4, 3, '2023-07-02 02:40:31'),
(67, 5, 17, 2, 4, 5, 4, 3, 4, '2023-05-18 02:40:31'),
(68, 5, 18, 4, 2, 5, 3, 1, 4, '2022-08-12 02:40:31'),
(69, 5, 19, 1, 4, 5, 4, 2, 3, '2022-09-11 02:40:31'),
(70, 5, 20, 5, 5, 5, 3, 1, 1, '2023-05-04 02:40:31'),
(71, 6, 3, 5, 4, 5, 5, 3, 3, '2023-08-07 02:40:31'),
(72, 6, 4, 3, 4, 1, 1, 3, 1, '2023-05-19 02:40:31'),
(73, 6, 13, 4, 4, 2, 4, 2, 3, '2022-08-12 02:40:31'),
(74, 6, 14, 2, 1, 5, 2, 5, 2, '2023-01-29 02:40:31'),
(75, 6, 15, 1, 3, 4, 4, 1, 3, '2023-05-14 02:40:31'),
(76, 6, 16, 4, 1, 3, 4, 5, 4, '2022-10-02 02:40:31'),
(77, 6, 17, 1, 5, 3, 1, 2, 4, '2023-03-01 02:40:31'),
(78, 6, 18, 1, 2, 5, 4, 2, 4, '2022-10-25 02:40:31'),
(79, 6, 19, 5, 2, 3, 3, 1, 2, '2022-09-21 02:40:31'),
(80, 6, 20, 4, 3, 4, 4, 2, 4, '2023-05-03 02:40:31'),
(81, 7, 3, 3, 3, 4, 2, 4, 2, '2022-11-01 02:40:31'),
(82, 7, 4, 4, 3, 1, 4, 5, 4, '2023-06-24 02:40:31'),
(83, 7, 13, 3, 2, 3, 1, 4, 1, '2023-02-21 02:40:31'),
(84, 7, 14, 1, 1, 1, 1, 5, 4, '2022-12-08 02:40:31'),
(85, 7, 15, 2, 2, 3, 1, 4, 5, '2023-02-09 02:40:31'),
(86, 7, 16, 5, 5, 2, 3, 3, 5, '2023-04-29 02:40:31'),
(87, 7, 17, 4, 1, 1, 1, 2, 2, '2022-12-01 02:40:31'),
(88, 7, 18, 2, 5, 1, 4, 3, 3, '2023-06-06 02:40:31'),
(89, 7, 19, 1, 2, 2, 4, 4, 5, '2022-11-17 02:40:31'),
(90, 7, 20, 5, 1, 2, 3, 1, 4, '2022-08-16 02:40:31'),
(91, 8, 3, 1, 2, 4, 2, 4, 4, '2023-02-03 02:40:31'),
(92, 8, 4, 2, 5, 1, 3, 1, 2, '2022-09-16 02:40:31'),
(93, 8, 13, 4, 3, 2, 3, 2, 5, '2022-12-12 02:40:31'),
(94, 8, 14, 4, 2, 2, 5, 2, 3, '2023-06-12 02:40:31'),
(95, 8, 15, 1, 2, 4, 4, 3, 4, '2022-10-15 02:40:31'),
(96, 8, 16, 5, 3, 2, 3, 4, 3, '2022-10-14 02:40:31'),
(97, 8, 17, 3, 5, 4, 5, 3, 3, '2023-04-11 02:40:31'),
(98, 8, 18, 1, 3, 1, 1, 5, 3, '2022-12-21 02:40:31'),
(99, 8, 19, 4, 5, 1, 1, 1, 5, '2023-05-18 02:40:31'),
(100, 8, 20, 3, 1, 1, 2, 4, 5, '2022-08-25 02:40:31'),
(101, 9, 3, 2, 1, 5, 2, 2, 3, '2023-06-14 02:40:31'),
(102, 9, 4, 3, 1, 2, 1, 3, 5, '2023-03-21 02:40:31'),
(103, 9, 13, 1, 3, 2, 3, 4, 5, '2022-12-12 02:40:31'),
(104, 9, 14, 3, 4, 5, 1, 1, 3, '2022-08-19 02:40:31'),
(105, 9, 15, 2, 5, 3, 4, 2, 3, '2023-02-22 02:40:31'),
(106, 9, 16, 4, 3, 2, 4, 5, 2, '2023-06-07 02:40:31'),
(107, 9, 17, 4, 1, 2, 2, 3, 2, '2022-09-23 02:40:31'),
(108, 9, 18, 4, 1, 2, 2, 4, 4, '2022-10-18 02:40:31'),
(109, 9, 19, 2, 5, 4, 1, 1, 2, '2023-04-09 02:40:31'),
(110, 9, 20, 4, 3, 1, 2, 5, 1, '2023-02-06 02:40:31'),
(111, 10, 3, 2, 5, 4, 1, 1, 1, '2022-08-23 02:40:31'),
(112, 10, 4, 4, 5, 2, 1, 3, 5, '2023-07-01 02:40:31'),
(113, 10, 13, 5, 1, 4, 1, 5, 5, '2023-07-10 02:40:31'),
(114, 10, 14, 3, 3, 1, 2, 4, 2, '2022-12-19 02:40:31'),
(115, 10, 15, 2, 5, 2, 4, 4, 3, '2023-01-12 02:40:31'),
(116, 10, 16, 2, 3, 2, 3, 4, 3, '2023-02-28 02:40:31'),
(117, 10, 17, 5, 1, 3, 4, 5, 2, '2023-07-16 02:40:31'),
(118, 10, 18, 2, 2, 2, 5, 2, 3, '2023-05-09 02:40:31'),
(119, 10, 19, 3, 1, 3, 1, 5, 2, '2023-06-24 02:40:31'),
(120, 10, 20, 3, 3, 5, 2, 2, 3, '2022-11-19 02:40:31'),
(121, 11, 3, 1, 4, 5, 2, 1, 3, '2023-07-30 02:40:31'),
(122, 11, 4, 4, 4, 3, 5, 5, 2, '2022-12-27 02:40:31'),
(123, 11, 13, 2, 1, 1, 5, 4, 2, '2023-06-20 02:40:31'),
(124, 11, 14, 1, 1, 2, 1, 3, 5, '2022-12-26 02:40:31'),
(125, 11, 15, 1, 1, 4, 5, 5, 5, '2023-01-08 02:40:31'),
(126, 11, 16, 2, 4, 3, 3, 3, 3, '2023-04-25 02:40:31'),
(127, 11, 17, 4, 4, 1, 1, 4, 2, '2022-09-10 02:40:31'),
(128, 11, 18, 5, 5, 4, 3, 3, 5, '2022-11-05 02:40:31'),
(129, 11, 19, 2, 4, 5, 5, 2, 1, '2022-09-11 02:40:31'),
(130, 11, 20, 1, 2, 5, 2, 5, 2, '2023-07-06 02:40:31'),
(131, 12, 3, 3, 2, 3, 5, 2, 1, '2023-04-16 02:40:31'),
(132, 12, 4, 1, 2, 1, 5, 1, 1, '2022-11-06 02:40:31'),
(133, 12, 13, 4, 1, 2, 2, 1, 5, '2023-04-23 02:40:31'),
(134, 12, 14, 5, 4, 4, 1, 4, 2, '2023-07-11 02:40:31'),
(135, 12, 15, 4, 1, 3, 2, 2, 1, '2022-12-07 02:40:31'),
(136, 12, 16, 1, 4, 1, 2, 1, 5, '2023-04-29 02:40:31'),
(137, 12, 17, 3, 1, 3, 1, 4, 4, '2023-02-27 02:40:31'),
(138, 12, 18, 1, 5, 2, 1, 1, 2, '2023-01-09 02:40:31'),
(139, 12, 19, 5, 2, 2, 2, 3, 1, '2023-01-17 02:40:31'),
(140, 12, 20, 4, 3, 5, 1, 3, 3, '2023-05-23 02:40:31'),
(141, 13, 3, 2, 5, 5, 5, 3, 4, '2023-06-04 02:40:31'),
(142, 13, 4, 4, 2, 2, 2, 4, 4, '2022-12-19 02:40:31'),
(143, 13, 13, 5, 4, 4, 2, 3, 1, '2023-05-07 02:40:31'),
(144, 13, 14, 2, 4, 2, 2, 5, 5, '2023-02-19 02:40:31'),
(145, 13, 15, 4, 2, 5, 1, 4, 5, '2022-09-10 02:40:31'),
(146, 13, 16, 4, 3, 4, 5, 5, 3, '2023-01-11 02:40:31'),
(147, 13, 17, 2, 2, 5, 5, 4, 4, '2023-01-02 02:40:31'),
(148, 13, 18, 5, 3, 4, 2, 3, 3, '2023-05-31 02:40:31'),
(149, 13, 19, 2, 1, 2, 3, 2, 2, '2022-11-21 02:40:31'),
(150, 13, 20, 3, 3, 5, 1, 1, 4, '2022-11-06 02:40:31'),
(151, 14, 3, 3, 5, 2, 4, 4, 1, '2022-10-06 02:40:31'),
(152, 14, 4, 4, 1, 3, 2, 1, 3, '2022-10-08 02:40:31'),
(153, 14, 13, 5, 1, 4, 1, 2, 1, '2022-09-26 02:40:31'),
(154, 14, 14, 5, 2, 4, 4, 3, 2, '2022-09-22 02:40:31'),
(155, 14, 15, 3, 2, 2, 2, 2, 2, '2023-03-12 02:40:31'),
(156, 14, 16, 3, 1, 1, 2, 4, 2, '2022-11-20 02:40:31'),
(157, 14, 17, 5, 5, 1, 1, 5, 1, '2023-05-22 02:40:31'),
(158, 14, 18, 4, 3, 1, 2, 3, 2, '2023-01-28 02:40:31'),
(159, 14, 19, 3, 1, 4, 4, 5, 4, '2022-10-18 02:40:31'),
(160, 14, 20, 5, 1, 3, 3, 1, 4, '2022-12-28 02:40:31'),
(161, 15, 3, 4, 1, 2, 5, 2, 3, '2023-04-30 02:40:31'),
(162, 15, 4, 5, 5, 3, 3, 3, 2, '2023-01-16 02:40:31'),
(163, 15, 13, 1, 3, 1, 1, 1, 5, '2022-12-25 02:40:31'),
(164, 15, 14, 2, 5, 1, 2, 1, 5, '2022-12-14 02:40:31'),
(165, 15, 15, 4, 1, 4, 3, 1, 5, '2022-10-15 02:40:31'),
(166, 15, 16, 1, 1, 1, 3, 1, 2, '2022-11-21 02:40:31'),
(167, 15, 17, 5, 2, 2, 2, 3, 4, '2023-07-23 02:40:31'),
(168, 15, 18, 1, 5, 5, 2, 5, 3, '2023-06-09 02:40:31'),
(169, 15, 19, 1, 2, 1, 4, 2, 2, '2023-06-08 02:40:31'),
(170, 15, 20, 2, 4, 5, 3, 5, 3, '2022-08-17 02:40:31'),
(171, 16, 3, 3, 2, 2, 3, 4, 3, '2022-08-15 02:40:31'),
(172, 16, 4, 2, 2, 3, 1, 4, 2, '2022-12-27 02:40:31'),
(173, 16, 13, 1, 2, 3, 2, 1, 4, '2022-09-16 02:40:31'),
(174, 16, 14, 3, 2, 3, 4, 5, 4, '2023-02-23 02:40:31'),
(175, 16, 15, 2, 2, 5, 1, 1, 5, '2023-06-15 02:40:31'),
(176, 16, 16, 2, 4, 2, 1, 5, 5, '2023-05-28 02:40:31'),
(177, 16, 17, 3, 1, 1, 1, 5, 2, '2023-01-03 02:40:31'),
(178, 16, 18, 2, 4, 3, 3, 4, 5, '2023-04-09 02:40:31'),
(179, 16, 19, 1, 5, 1, 2, 4, 4, '2023-06-08 02:40:31'),
(180, 16, 20, 5, 3, 2, 4, 1, 5, '2023-04-18 02:40:31'),
(181, 17, 3, 5, 4, 2, 4, 4, 3, '2022-12-02 02:40:31'),
(182, 17, 4, 4, 2, 2, 3, 5, 1, '2022-11-13 02:40:31'),
(183, 17, 13, 2, 3, 4, 2, 4, 4, '2022-10-29 02:40:31'),
(184, 17, 14, 4, 5, 1, 2, 2, 1, '2023-02-07 02:40:31'),
(185, 17, 15, 3, 5, 4, 3, 4, 4, '2023-08-04 02:40:31'),
(186, 17, 16, 1, 1, 5, 3, 3, 3, '2022-10-17 02:40:31'),
(187, 17, 17, 5, 4, 3, 1, 4, 1, '2023-01-01 02:40:31'),
(188, 17, 18, 4, 3, 3, 2, 5, 4, '2022-08-12 02:40:31'),
(189, 17, 19, 4, 2, 4, 2, 3, 4, '2022-09-25 02:40:31'),
(190, 17, 20, 2, 1, 2, 5, 1, 4, '2022-10-26 02:40:31'),
(191, 18, 3, 1, 2, 5, 4, 5, 2, '2022-12-09 02:40:31'),
(192, 18, 4, 3, 5, 3, 2, 3, 3, '2023-06-04 02:40:31'),
(193, 18, 13, 3, 4, 1, 2, 3, 1, '2023-05-13 02:40:31'),
(194, 18, 14, 5, 5, 5, 3, 4, 2, '2023-03-08 02:40:31'),
(195, 18, 15, 1, 3, 5, 2, 5, 1, '2023-03-12 02:40:31'),
(196, 18, 16, 3, 2, 1, 2, 5, 2, '2023-03-03 02:40:31'),
(197, 18, 17, 2, 3, 4, 4, 2, 3, '2023-05-20 02:40:31'),
(198, 18, 18, 5, 5, 3, 2, 5, 2, '2022-08-28 02:40:31'),
(199, 18, 19, 5, 3, 5, 4, 5, 2, '2023-02-04 02:40:31'),
(200, 18, 20, 5, 2, 3, 2, 1, 2, '2023-02-28 02:40:31'),
(201, 19, 3, 2, 3, 2, 3, 2, 5, '2023-05-03 02:40:31'),
(202, 19, 4, 5, 5, 4, 1, 5, 4, '2022-09-26 02:40:31'),
(203, 19, 13, 1, 4, 3, 2, 5, 3, '2022-09-23 02:40:31'),
(204, 19, 14, 5, 1, 2, 4, 4, 3, '2023-03-28 02:40:31'),
(205, 19, 15, 2, 1, 4, 3, 2, 4, '2022-09-25 02:40:31'),
(206, 19, 16, 2, 3, 4, 4, 5, 1, '2022-10-14 02:40:31'),
(207, 19, 17, 5, 5, 5, 1, 3, 1, '2023-08-01 02:40:31'),
(208, 19, 18, 5, 2, 2, 2, 4, 4, '2023-07-14 02:40:31'),
(209, 19, 19, 3, 5, 2, 5, 2, 2, '2023-02-19 02:40:31'),
(210, 19, 20, 2, 3, 2, 5, 3, 1, '2023-01-31 02:40:31'),
(211, 20, 3, 3, 2, 1, 1, 2, 1, '2022-11-17 02:40:31'),
(212, 20, 4, 2, 3, 4, 3, 5, 5, '2023-06-29 02:40:31'),
(213, 20, 13, 4, 5, 2, 4, 5, 2, '2023-07-02 02:40:31'),
(214, 20, 14, 3, 5, 1, 5, 4, 2, '2023-04-14 02:40:31'),
(215, 20, 15, 4, 3, 3, 2, 3, 4, '2022-10-31 02:40:31'),
(216, 20, 16, 5, 3, 5, 5, 3, 2, '2023-06-30 02:40:31'),
(217, 20, 17, 3, 5, 4, 2, 3, 1, '2023-03-21 02:40:31'),
(218, 20, 18, 3, 4, 3, 1, 4, 5, '2023-06-19 02:40:31'),
(219, 20, 19, 2, 4, 5, 3, 5, 5, '2022-11-02 02:40:31'),
(220, 20, 20, 1, 3, 5, 1, 1, 1, '2023-03-04 02:40:31'),
(221, 29, 3, 4, 1, 1, 4, 4, 2, '2023-05-27 02:40:31'),
(222, 29, 4, 3, 3, 3, 1, 4, 2, '2022-08-30 02:40:31'),
(223, 29, 13, 1, 5, 5, 5, 5, 4, '2023-05-27 02:40:31'),
(224, 29, 14, 4, 4, 5, 5, 2, 4, '2022-12-28 02:40:31'),
(225, 29, 15, 5, 4, 5, 2, 1, 1, '2023-01-01 02:40:31'),
(226, 29, 16, 4, 1, 1, 5, 1, 2, '2023-08-06 02:40:31'),
(227, 29, 17, 1, 3, 1, 1, 3, 5, '2023-06-03 02:40:31'),
(228, 29, 18, 1, 2, 3, 1, 5, 3, '2022-11-03 02:40:31'),
(229, 29, 19, 2, 4, 2, 1, 4, 2, '2023-07-27 02:40:31'),
(230, 29, 20, 3, 2, 5, 5, 4, 4, '2022-10-13 02:40:31'),
(231, 30, 3, 4, 2, 4, 1, 1, 3, '2023-02-24 02:40:31'),
(232, 30, 4, 4, 4, 4, 3, 5, 4, '2023-04-16 02:40:31'),
(233, 30, 13, 4, 2, 2, 3, 5, 5, '2022-12-31 02:40:31'),
(234, 30, 14, 3, 4, 5, 4, 3, 1, '2023-01-23 02:40:31'),
(235, 30, 15, 2, 3, 2, 3, 2, 2, '2023-02-26 02:40:31'),
(236, 30, 16, 3, 1, 4, 2, 4, 4, '2023-01-03 02:40:31'),
(237, 30, 17, 4, 3, 3, 4, 1, 3, '2023-03-04 02:40:31'),
(238, 30, 18, 3, 2, 5, 1, 3, 2, '2023-02-25 02:40:31'),
(239, 30, 19, 4, 4, 3, 3, 2, 2, '2023-05-23 02:40:31'),
(240, 30, 20, 1, 2, 5, 1, 4, 2, '2022-10-26 02:40:31'),
(241, 31, 3, 5, 4, 3, 5, 2, 5, '2023-06-15 02:40:31'),
(242, 31, 4, 2, 5, 5, 5, 3, 5, '2022-12-01 02:40:31'),
(243, 31, 13, 5, 4, 1, 5, 1, 1, '2022-11-15 02:40:31'),
(244, 31, 14, 4, 5, 1, 1, 3, 2, '2022-10-11 02:40:31'),
(245, 31, 15, 2, 1, 4, 2, 2, 3, '2023-03-26 02:40:31'),
(246, 31, 16, 3, 4, 2, 4, 5, 4, '2023-05-27 02:40:31'),
(247, 31, 17, 2, 2, 2, 1, 5, 3, '2023-05-03 02:40:31'),
(248, 31, 18, 1, 3, 1, 5, 4, 5, '2023-07-22 02:40:31'),
(249, 31, 19, 4, 1, 4, 5, 4, 5, '2023-05-24 02:40:31'),
(250, 31, 20, 3, 2, 4, 2, 2, 1, '2023-06-10 02:40:31'),
(251, 32, 3, 4, 4, 5, 2, 4, 2, '2022-10-27 02:40:31'),
(252, 32, 4, 5, 2, 4, 2, 4, 4, '2022-09-08 02:40:31'),
(253, 32, 13, 4, 1, 1, 1, 3, 2, '2022-11-02 02:40:31'),
(254, 32, 14, 1, 4, 4, 2, 1, 1, '2023-05-11 02:40:31'),
(255, 32, 15, 4, 1, 2, 5, 4, 4, '2023-03-07 02:40:31'),
(256, 32, 16, 1, 2, 5, 3, 4, 5, '2023-05-27 02:40:31'),
(257, 32, 17, 4, 3, 4, 1, 1, 3, '2023-04-04 02:40:31'),
(258, 32, 18, 1, 2, 3, 2, 1, 2, '2023-03-03 02:40:31'),
(259, 32, 19, 2, 1, 4, 3, 5, 1, '2022-12-21 02:40:31'),
(260, 32, 20, 1, 2, 3, 5, 3, 2, '2022-12-30 02:40:31'),
(261, 33, 3, 2, 3, 5, 1, 4, 3, '2023-06-21 02:40:31'),
(262, 33, 4, 2, 4, 4, 2, 4, 1, '2022-09-03 02:40:31'),
(263, 33, 13, 2, 1, 2, 2, 3, 3, '2023-04-14 02:40:31'),
(264, 33, 14, 5, 3, 1, 2, 3, 1, '2022-08-23 02:40:31'),
(265, 33, 15, 3, 2, 1, 1, 4, 1, '2022-08-17 02:40:31'),
(266, 33, 16, 2, 4, 3, 2, 2, 1, '2022-08-21 02:40:31'),
(267, 33, 17, 3, 3, 5, 2, 2, 1, '2023-01-22 02:40:31'),
(268, 33, 18, 2, 1, 5, 4, 4, 2, '2023-01-24 02:40:31'),
(269, 33, 19, 5, 4, 4, 3, 2, 5, '2022-11-16 02:40:31'),
(270, 33, 20, 5, 4, 3, 2, 2, 4, '2023-04-29 02:40:31'),
(271, 34, 3, 3, 2, 1, 4, 3, 3, '2022-12-14 02:40:31'),
(272, 34, 4, 5, 2, 2, 2, 5, 4, '2023-01-24 02:40:31'),
(273, 34, 13, 4, 4, 3, 4, 3, 2, '2023-01-17 02:40:31'),
(274, 34, 14, 4, 4, 3, 3, 1, 4, '2022-08-20 02:40:31'),
(275, 34, 15, 1, 1, 4, 2, 5, 5, '2022-09-03 02:40:31'),
(276, 34, 16, 5, 3, 5, 5, 4, 1, '2023-07-14 02:40:31'),
(277, 34, 17, 2, 5, 5, 4, 1, 5, '2022-10-17 02:40:31'),
(278, 34, 18, 1, 1, 2, 5, 3, 5, '2023-04-14 02:40:31'),
(279, 34, 19, 4, 4, 3, 2, 5, 3, '2023-05-26 02:40:31'),
(280, 34, 20, 2, 1, 2, 3, 5, 2, '2023-07-06 02:40:31'),
(281, 35, 3, 3, 4, 2, 4, 4, 4, '2022-09-05 02:40:31'),
(282, 35, 4, 4, 4, 4, 4, 1, 5, '2023-05-01 02:40:31'),
(283, 35, 13, 4, 5, 4, 3, 2, 4, '2023-08-02 02:40:31'),
(284, 35, 14, 5, 3, 4, 5, 5, 1, '2023-06-03 02:40:31'),
(285, 35, 15, 3, 2, 5, 3, 3, 5, '2023-07-11 02:40:31'),
(286, 35, 16, 5, 5, 5, 4, 4, 5, '2022-11-18 02:40:31'),
(287, 35, 17, 2, 1, 3, 1, 2, 5, '2023-08-11 02:40:31'),
(288, 35, 18, 1, 4, 5, 5, 1, 3, '2023-08-08 02:40:31'),
(289, 35, 19, 3, 3, 4, 1, 1, 1, '2022-10-04 02:40:31'),
(290, 35, 20, 4, 5, 2, 4, 1, 1, '2023-03-06 02:40:31'),
(291, 36, 3, 4, 2, 3, 4, 1, 2, '2023-02-24 02:40:31'),
(292, 36, 4, 1, 3, 2, 3, 1, 3, '2023-04-23 02:40:31'),
(293, 36, 13, 1, 3, 2, 4, 3, 3, '2023-08-07 02:40:31'),
(294, 36, 14, 4, 5, 1, 2, 4, 3, '2022-12-12 02:40:31'),
(295, 36, 15, 3, 5, 4, 1, 1, 1, '2023-04-08 02:40:31'),
(296, 36, 16, 3, 5, 4, 4, 4, 1, '2022-11-20 02:40:31'),
(297, 36, 17, 1, 2, 3, 3, 5, 2, '2022-11-05 02:40:31'),
(298, 36, 18, 5, 4, 3, 5, 1, 5, '2023-07-18 02:40:31'),
(299, 36, 19, 4, 2, 2, 1, 1, 3, '2023-07-13 02:40:31'),
(300, 36, 20, 5, 2, 4, 4, 2, 1, '2023-06-25 02:40:31'),
(301, 41, 3, 1, 2, 3, 5, 3, 5, '2022-12-27 02:40:31'),
(302, 41, 4, 3, 5, 5, 5, 1, 1, '2022-09-16 02:40:31'),
(303, 41, 13, 5, 5, 5, 3, 4, 2, '2022-11-22 02:40:31'),
(304, 41, 14, 3, 5, 1, 4, 2, 2, '2022-09-13 02:40:31'),
(305, 41, 15, 3, 4, 3, 5, 2, 1, '2023-05-13 02:40:31'),
(306, 41, 16, 5, 1, 5, 1, 3, 2, '2022-09-03 02:40:31'),
(307, 41, 17, 5, 3, 5, 1, 4, 3, '2023-05-02 02:40:31'),
(308, 41, 18, 5, 2, 2, 1, 1, 4, '2023-04-24 02:40:31'),
(309, 41, 19, 3, 3, 5, 2, 4, 3, '2022-11-16 02:40:31'),
(310, 41, 20, 5, 4, 4, 5, 4, 3, '2023-02-23 02:40:31'),
(311, 42, 3, 5, 1, 1, 2, 3, 5, '2023-07-22 02:40:31'),
(312, 42, 4, 4, 2, 4, 2, 5, 2, '2023-03-25 02:40:31'),
(313, 42, 13, 2, 2, 5, 2, 2, 1, '2023-07-07 02:40:31'),
(314, 42, 14, 5, 3, 2, 5, 1, 1, '2022-09-04 02:40:31'),
(315, 42, 15, 1, 4, 2, 4, 2, 2, '2022-12-24 02:40:31'),
(316, 42, 16, 2, 3, 1, 3, 3, 4, '2023-05-18 02:40:31'),
(317, 42, 17, 1, 2, 3, 4, 4, 4, '2022-08-28 02:40:31'),
(318, 42, 18, 5, 4, 4, 5, 4, 2, '2023-01-29 02:40:31'),
(319, 42, 19, 3, 1, 2, 4, 1, 2, '2023-07-09 02:40:31'),
(320, 42, 20, 3, 3, 5, 1, 5, 5, '2022-10-20 02:40:31'),
(321, 43, 3, 3, 4, 1, 1, 3, 3, '2023-06-04 02:40:31'),
(322, 43, 4, 1, 1, 3, 5, 1, 4, '2023-04-04 02:40:31'),
(323, 43, 13, 3, 5, 4, 4, 4, 3, '2023-04-25 02:40:31'),
(324, 43, 14, 5, 4, 1, 5, 3, 2, '2022-12-24 02:40:31'),
(325, 43, 15, 1, 1, 5, 4, 1, 3, '2023-07-26 02:40:31'),
(326, 43, 16, 4, 3, 3, 1, 5, 1, '2023-06-12 02:40:31'),
(327, 43, 17, 2, 1, 1, 5, 4, 2, '2023-02-24 02:40:31'),
(328, 43, 18, 2, 4, 3, 4, 4, 5, '2022-10-28 02:40:31'),
(329, 43, 19, 3, 1, 2, 2, 3, 4, '2022-10-23 02:40:31'),
(330, 43, 20, 5, 2, 1, 2, 5, 5, '2023-01-26 02:40:31'),
(331, 44, 3, 1, 1, 5, 4, 3, 1, '2022-12-17 02:40:31'),
(332, 44, 4, 4, 2, 4, 3, 3, 1, '2022-10-17 02:40:31'),
(333, 44, 13, 5, 4, 1, 3, 5, 2, '2022-12-03 02:40:31'),
(334, 44, 14, 3, 4, 3, 5, 5, 4, '2023-01-22 02:40:31'),
(335, 44, 15, 5, 4, 3, 3, 2, 3, '2023-05-07 02:40:31'),
(336, 44, 16, 3, 5, 5, 5, 5, 2, '2023-04-02 02:40:31'),
(337, 44, 17, 4, 2, 5, 1, 2, 2, '2023-07-03 02:40:31'),
(338, 44, 18, 5, 4, 2, 5, 2, 2, '2023-01-14 02:40:31'),
(339, 44, 19, 1, 4, 1, 4, 5, 2, '2022-11-18 02:40:31'),
(340, 44, 20, 5, 2, 5, 2, 4, 5, '2022-09-20 02:40:31'),
(341, 45, 3, 1, 3, 5, 2, 1, 4, '2022-09-26 02:40:31'),
(342, 45, 4, 3, 3, 3, 4, 3, 1, '2022-09-20 02:40:31'),
(343, 45, 13, 2, 3, 5, 5, 3, 3, '2023-03-05 02:40:31'),
(344, 45, 14, 5, 5, 5, 1, 3, 3, '2022-10-09 02:40:31'),
(345, 45, 15, 4, 5, 5, 3, 3, 5, '2023-06-20 02:40:31'),
(346, 45, 16, 1, 5, 2, 5, 3, 4, '2023-07-28 02:40:31'),
(347, 45, 17, 1, 3, 2, 4, 3, 5, '2023-07-29 02:40:31'),
(348, 45, 18, 2, 2, 1, 5, 2, 5, '2022-09-02 02:40:31'),
(349, 45, 19, 4, 1, 1, 1, 3, 4, '2022-08-29 02:40:31'),
(350, 45, 20, 5, 3, 4, 1, 1, 4, '2022-08-15 02:40:31'),
(351, 46, 3, 5, 2, 1, 3, 2, 2, '2023-07-18 02:40:31'),
(352, 46, 4, 4, 5, 4, 4, 5, 5, '2022-12-30 02:40:31'),
(353, 46, 13, 3, 1, 4, 3, 2, 4, '2023-01-23 02:40:31'),
(354, 46, 14, 5, 2, 2, 5, 1, 4, '2023-06-23 02:40:31'),
(355, 46, 15, 4, 2, 2, 5, 1, 1, '2023-06-23 02:40:31'),
(356, 46, 16, 2, 3, 1, 1, 1, 1, '2023-06-24 02:40:31'),
(357, 46, 17, 3, 1, 2, 5, 2, 3, '2022-09-25 02:40:31'),
(358, 46, 18, 1, 2, 5, 2, 5, 5, '2023-03-22 02:40:31'),
(359, 46, 19, 3, 5, 4, 2, 3, 2, '2022-10-02 02:40:31'),
(360, 46, 20, 4, 4, 3, 3, 4, 5, '2023-04-22 02:40:31'),
(361, 47, 3, 1, 2, 1, 4, 5, 5, '2023-02-06 02:40:31'),
(362, 47, 4, 5, 1, 5, 1, 1, 2, '2023-05-03 02:40:31'),
(363, 47, 13, 2, 3, 4, 2, 3, 2, '2023-06-09 02:40:31'),
(364, 47, 14, 5, 5, 5, 4, 4, 4, '2023-06-27 02:40:31'),
(365, 47, 15, 4, 4, 5, 5, 3, 1, '2023-08-05 02:40:31'),
(366, 47, 16, 5, 4, 4, 4, 1, 5, '2022-10-29 02:40:31'),
(367, 47, 17, 2, 1, 4, 1, 1, 2, '2022-09-25 02:40:31'),
(368, 47, 18, 4, 2, 1, 3, 3, 4, '2022-10-07 02:40:31'),
(369, 47, 19, 2, 1, 1, 3, 2, 3, '2023-08-10 02:40:31'),
(370, 47, 20, 3, 2, 4, 5, 3, 4, '2022-11-27 02:40:31'),
(371, 48, 3, 4, 1, 4, 5, 5, 4, '2023-03-29 02:40:31'),
(372, 48, 4, 5, 5, 1, 1, 1, 3, '2023-03-12 02:40:31'),
(373, 48, 13, 2, 2, 4, 4, 4, 5, '2022-12-21 02:40:31'),
(374, 48, 14, 3, 2, 5, 3, 4, 1, '2023-07-09 02:40:31'),
(375, 48, 15, 3, 5, 5, 5, 1, 4, '2023-03-19 02:40:31'),
(376, 48, 16, 4, 3, 1, 1, 5, 4, '2022-12-02 02:40:31'),
(377, 48, 17, 2, 2, 1, 2, 1, 5, '2022-09-11 02:40:31'),
(378, 48, 18, 5, 1, 3, 3, 3, 2, '2022-11-02 02:40:31'),
(379, 48, 19, 1, 1, 3, 4, 3, 2, '2023-07-28 02:40:31'),
(380, 48, 20, 2, 5, 2, 3, 5, 4, '2022-11-28 02:40:31'),
(381, 49, 3, 3, 3, 1, 1, 1, 5, '2023-05-08 02:40:31'),
(382, 49, 4, 4, 4, 2, 4, 4, 2, '2023-07-27 02:40:31'),
(383, 49, 13, 3, 3, 5, 5, 4, 3, '2022-11-25 02:40:31'),
(384, 49, 14, 1, 1, 2, 3, 1, 1, '2023-01-16 02:40:31'),
(385, 49, 15, 2, 1, 1, 2, 1, 4, '2023-04-03 02:40:31'),
(386, 49, 16, 3, 5, 4, 5, 3, 2, '2023-06-19 02:40:31'),
(387, 49, 17, 5, 1, 5, 2, 4, 5, '2023-03-31 02:40:31'),
(388, 49, 18, 5, 5, 3, 4, 1, 3, '2022-09-10 02:40:31'),
(389, 49, 19, 2, 2, 2, 1, 2, 5, '2023-02-22 02:40:31'),
(390, 49, 20, 3, 2, 4, 5, 1, 5, '2023-01-05 02:40:31'),
(391, 50, 3, 1, 2, 4, 3, 2, 4, '2022-10-13 02:40:31'),
(392, 50, 4, 1, 4, 4, 1, 2, 4, '2023-06-13 02:40:31'),
(393, 50, 13, 5, 4, 5, 3, 3, 1, '2022-10-14 02:40:31'),
(394, 50, 14, 5, 3, 2, 3, 3, 4, '2023-01-25 02:40:31'),
(395, 50, 15, 2, 1, 2, 1, 1, 5, '2023-01-21 02:40:31'),
(396, 50, 16, 5, 3, 3, 2, 2, 5, '2022-08-28 02:40:31'),
(397, 50, 17, 2, 5, 3, 1, 1, 3, '2022-10-12 02:40:31'),
(398, 50, 18, 3, 4, 2, 1, 5, 5, '2022-11-01 02:40:31'),
(399, 50, 19, 2, 1, 4, 3, 1, 3, '2022-12-07 02:40:31'),
(400, 50, 20, 1, 1, 3, 1, 1, 5, '2022-10-27 02:40:31'),
(401, 51, 3, 5, 3, 3, 4, 3, 1, '2023-05-04 02:40:31'),
(402, 51, 4, 5, 5, 3, 3, 3, 4, '2023-03-24 02:40:31'),
(403, 51, 13, 4, 5, 1, 1, 4, 5, '2023-05-04 02:40:31'),
(404, 51, 14, 5, 2, 1, 3, 3, 5, '2022-10-02 02:40:31'),
(405, 51, 15, 4, 4, 3, 4, 5, 1, '2022-12-26 02:40:31'),
(406, 51, 16, 1, 3, 1, 2, 2, 3, '2022-10-31 02:40:31'),
(407, 51, 17, 2, 5, 4, 5, 1, 1, '2022-09-24 02:40:31'),
(408, 51, 18, 2, 4, 4, 2, 2, 3, '2023-01-05 02:40:31'),
(409, 51, 19, 3, 1, 1, 1, 2, 1, '2022-10-20 02:40:31'),
(410, 51, 20, 3, 3, 4, 5, 4, 3, '2022-11-01 02:40:31'),
(411, 52, 3, 1, 4, 4, 2, 1, 1, '2023-04-17 02:40:31'),
(412, 52, 4, 1, 4, 5, 3, 5, 5, '2023-07-17 02:40:31'),
(413, 52, 13, 3, 2, 4, 4, 2, 5, '2022-09-11 02:40:31'),
(414, 52, 14, 1, 1, 1, 2, 1, 3, '2023-02-12 02:40:31'),
(415, 52, 15, 5, 3, 2, 5, 3, 3, '2023-02-06 02:40:31'),
(416, 52, 16, 5, 5, 3, 1, 4, 2, '2022-09-28 02:40:31'),
(417, 52, 17, 1, 1, 3, 4, 3, 2, '2022-10-12 02:40:31'),
(418, 52, 18, 2, 1, 2, 2, 5, 2, '2023-06-08 02:40:31'),
(419, 52, 19, 4, 2, 3, 2, 5, 1, '2022-11-28 02:40:31'),
(420, 52, 20, 1, 2, 3, 3, 5, 4, '2023-04-03 02:40:31');

-- --------------------------------------------------------

--
-- Table structure for table `product_reviews`
--

CREATE TABLE `product_reviews` (
  `review_id` int(11) NOT NULL,
  `product_id` int(11) DEFAULT NULL,
  `user_id` int(11) DEFAULT NULL,
  `review_text` text DEFAULT NULL,
  `upload_image` varchar(255) DEFAULT NULL,
  `timestamp` timestamp NOT NULL DEFAULT current_timestamp()
) ENGINE=InnoDB DEFAULT CHARSET=utf8mb4 COLLATE=utf8mb4_general_ci;

--
-- Dumping data for table `product_reviews`
--

INSERT INTO `product_reviews` (`review_id`, `product_id`, `user_id`, `review_text`, `upload_image`, `timestamp`) VALUES
(17, 1, 3, 'Great watch! I love the design and the battery life is impressive.', 'res/reviews/watch1_review1.jpg', '2023-08-08 03:47:05'),
(18, 2, 3, 'This watch is a game-changer. It\'s stylish and comfortable to wear.', 'res/reviews/watch2_review1.jpg', '2023-08-08 03:47:05'),
(19, 1, 4, 'The watch looks elegant and it\'s worth every penny.', 'res/reviews/watch1_review2.jpg', '2023-08-08 03:47:05'),
(20, 2, 4, 'Impressed with the quality and features of this watch.', 'res/reviews/watch2_review2.jpg', '2023-08-08 03:47:05'),
(21, 1, 13, 'This watch is amazing! The battery life is excellent and it looks very stylish.', 'res/reviews/watch1_review3.jpg', '2023-08-08 03:47:05'),
(22, 1, 13, 'I\'m really happy with this watch. The display quality is impressive and it\'s comfortable to wear.', 'res/reviews/watch1_review4.jpg', '2023-08-08 03:47:05'),
(23, 1, 14, 'The watch is fantastic. It\'s lightweight and the strap is comfortable.', 'res/reviews/watch1_review5.jpg', '2023-08-08 03:47:05'),
(24, 2, 14, 'I\'m satisfied with the purchase. The watch functions perfectly.', 'res/reviews/watch2_review3.jpg', '2023-08-08 03:47:05'),
(25, 1, 15, 'This watch is worth every rupee. The build quality is top-notch.', 'res/reviews/watch1_review6.jpg', '2023-08-08 03:47:05'),
(26, 1, 15, 'I\'ve been using this watch for a month and I\'m impressed.', 'res/reviews/watch1_review7.jpg', '2023-08-08 03:47:05'),
(27, 2, 16, 'The watch looks great on my wrist. The display is sharp and clear.', 'res/reviews/watch2_review4.jpg', '2023-08-08 03:47:05'),
(28, 2, 16, 'The watch arrived on time and it\'s as described.', 'res/reviews/watch2_review5.jpg', '2023-08-08 03:47:05'),
(29, 1, 17, 'I\'m happy with the purchase. The watch is sleek and stylish.', 'res/reviews/watch1_review8.jpg', '2023-08-08 03:47:05'),
(30, 1, 17, 'Good watch with useful features. Value for money.', 'res/reviews/watch1_review9.jpg', '2023-08-08 03:47:05'),
(31, 2, 18, 'The watch exceeded my expectations. It\'s a great value for money.', 'res/reviews/watch2_review6.jpg', '2023-08-08 03:47:05'),
(32, 2, 18, 'Impressed with the quality and features of this watch.', 'res/reviews/watch2_review7.jpg', '2023-08-08 03:47:05'),
(33, 1, 19, 'The watch is impressive. The battery life is excellent and it looks stylish.', 'res/reviews/watch1_review10.jpg', '2023-08-08 03:47:05'),
(34, 2, 19, 'Satisfied with the purchase. The watch functions well.', 'res/reviews/watch2_review8.jpg', '2023-08-08 03:47:05'),
(35, 1, 20, 'Great watch! I love the design and the battery life is impressive.', 'res/reviews/watch1_review11.jpg', '2023-08-08 03:47:05'),
(36, 2, 20, 'This watch is a game-changer. It\'s stylish and comfortable to wear.', 'res/reviews/watch2_review9.jpg', '2023-08-08 03:47:05'),
(37, 1, 3, 'Sample Review :-Amazing product Wow!1', NULL, '2023-04-01 02:39:20'),
(38, 1, 4, 'Sample Review :-Amazing product Wow!1', NULL, '2023-07-11 02:39:20'),
(39, 1, 13, 'Sample Review :-Amazing product Wow!1', NULL, '2023-04-11 02:39:20'),
(40, 1, 14, 'Sample Review :-Amazing product Wow!1', NULL, '2023-03-09 02:39:20'),
(41, 1, 15, 'Sample Review :-Amazing product Wow!1', NULL, '2023-06-27 02:39:20'),
(42, 1, 16, 'Sample Review :-Amazing product Wow!1', NULL, '2023-04-08 02:39:20'),
(43, 1, 17, 'Sample Review :-Amazing product Wow!1', NULL, '2023-04-08 02:39:20'),
(44, 1, 18, 'Sample Review :-Amazing product Wow!1', NULL, '2022-12-04 02:39:20'),
(45, 1, 19, 'Sample Review :-Amazing product Wow!1', NULL, '2023-03-16 02:39:20'),
(46, 1, 20, 'Sample Review :-Amazing product Wow!1', NULL, '2022-08-22 02:39:20'),
(47, 2, 3, 'Sample Review :-Amazing product Wow!2', NULL, '2022-12-25 02:39:20'),
(48, 2, 4, 'Sample Review :-Amazing product Wow!2', NULL, '2023-05-16 02:39:20'),
(49, 2, 13, 'Sample Review :-Amazing product Wow!2', NULL, '2023-04-21 02:39:20'),
(50, 2, 14, 'Sample Review :-Amazing product Wow!2', NULL, '2022-10-14 02:39:20'),
(51, 2, 15, 'Sample Review :-Amazing product Wow!2', NULL, '2023-05-28 02:39:20'),
(52, 2, 16, 'Sample Review :-Amazing product Wow!2', NULL, '2023-01-21 02:39:20'),
(53, 2, 17, 'Sample Review :-Amazing product Wow!2', NULL, '2023-06-18 02:39:20'),
(54, 2, 18, 'Sample Review :-Amazing product Wow!2', NULL, '2023-07-13 02:39:20'),
(55, 2, 19, 'Sample Review :-Amazing product Wow!2', NULL, '2022-08-28 02:39:20'),
(56, 2, 20, 'Sample Review :-Amazing product Wow!2', NULL, '2023-01-29 02:39:20'),
(57, 3, 3, 'Sample Review :-Amazing product Wow!3', NULL, '2022-10-23 02:39:20'),
(58, 3, 4, 'Sample Review :-Amazing product Wow!3', NULL, '2023-03-17 02:39:20'),
(59, 3, 13, 'Sample Review :-Amazing product Wow!3', NULL, '2022-12-26 02:39:20'),
(60, 3, 14, 'Sample Review :-Amazing product Wow!3', NULL, '2022-09-14 02:39:20'),
(61, 3, 15, 'Sample Review :-Amazing product Wow!3', NULL, '2022-12-12 02:39:20'),
(62, 3, 16, 'Sample Review :-Amazing product Wow!3', NULL, '2023-01-05 02:39:20'),
(63, 3, 17, 'Sample Review :-Amazing product Wow!3', NULL, '2022-08-12 02:39:20'),
(64, 3, 18, 'Sample Review :-Amazing product Wow!3', NULL, '2023-06-02 02:39:20'),
(65, 3, 19, 'Sample Review :-Amazing product Wow!3', NULL, '2022-08-20 02:39:20'),
(66, 3, 20, 'Sample Review :-Amazing product Wow!3', NULL, '2023-04-25 02:39:20'),
(67, 4, 3, 'Sample Review :-Amazing product Wow!4', NULL, '2023-01-18 02:39:20'),
(68, 4, 4, 'Sample Review :-Amazing product Wow!4', NULL, '2022-09-10 02:39:20'),
(69, 4, 13, 'Sample Review :-Amazing product Wow!4', NULL, '2022-09-14 02:39:20'),
(70, 4, 14, 'Sample Review :-Amazing product Wow!4', NULL, '2022-10-31 02:39:20'),
(71, 4, 15, 'Sample Review :-Amazing product Wow!4', NULL, '2023-06-10 02:39:20'),
(72, 4, 16, 'Sample Review :-Amazing product Wow!4', NULL, '2023-02-04 02:39:20'),
(73, 4, 17, 'Sample Review :-Amazing product Wow!4', NULL, '2023-07-15 02:39:20'),
(74, 4, 18, 'Sample Review :-Amazing product Wow!4', NULL, '2022-10-14 02:39:20'),
(75, 4, 19, 'Sample Review :-Amazing product Wow!4', NULL, '2022-09-16 02:39:20'),
(76, 4, 20, 'Sample Review :-Amazing product Wow!4', NULL, '2023-07-27 02:39:20'),
(77, 5, 3, 'Sample Review :-Amazing product Wow!5', NULL, '2023-02-12 02:39:20'),
(78, 5, 4, 'Sample Review :-Amazing product Wow!5', NULL, '2023-04-05 02:39:20'),
(79, 5, 13, 'Sample Review :-Amazing product Wow!5', NULL, '2023-05-04 02:39:20'),
(80, 5, 14, 'Sample Review :-Amazing product Wow!5', NULL, '2023-04-23 02:39:20'),
(81, 5, 15, 'Sample Review :-Amazing product Wow!5', NULL, '2022-11-29 02:39:20'),
(82, 5, 16, 'Sample Review :-Amazing product Wow!5', NULL, '2023-01-09 02:39:20'),
(83, 5, 17, 'Sample Review :-Amazing product Wow!5', NULL, '2022-10-09 02:39:20'),
(84, 5, 18, 'Sample Review :-Amazing product Wow!5', NULL, '2023-03-04 02:39:20'),
(85, 5, 19, 'Sample Review :-Amazing product Wow!5', NULL, '2022-12-09 02:39:20'),
(86, 5, 20, 'Sample Review :-Amazing product Wow!5', NULL, '2023-07-25 02:39:20'),
(87, 6, 3, 'Sample Review :-Amazing product Wow!6', NULL, '2023-05-23 02:39:20'),
(88, 6, 4, 'Sample Review :-Amazing product Wow!6', NULL, '2022-08-26 02:39:20'),
(89, 6, 13, 'Sample Review :-Amazing product Wow!6', NULL, '2023-06-20 02:39:20'),
(90, 6, 14, 'Sample Review :-Amazing product Wow!6', NULL, '2022-10-09 02:39:20'),
(91, 6, 15, 'Sample Review :-Amazing product Wow!6', NULL, '2022-11-05 02:39:20'),
(92, 6, 16, 'Sample Review :-Amazing product Wow!6', NULL, '2023-04-21 02:39:20'),
(93, 6, 17, 'Sample Review :-Amazing product Wow!6', NULL, '2023-05-17 02:39:20'),
(94, 6, 18, 'Sample Review :-Amazing product Wow!6', NULL, '2023-05-05 02:39:20'),
(95, 6, 19, 'Sample Review :-Amazing product Wow!6', NULL, '2022-12-22 02:39:20'),
(96, 6, 20, 'Sample Review :-Amazing product Wow!6', NULL, '2023-03-28 02:39:20'),
(97, 7, 3, 'Sample Review :-Amazing product Wow!7', NULL, '2022-08-27 02:39:20'),
(98, 7, 4, 'Sample Review :-Amazing product Wow!7', NULL, '2022-12-12 02:39:20'),
(99, 7, 13, 'Sample Review :-Amazing product Wow!7', NULL, '2023-02-26 02:39:20'),
(100, 7, 14, 'Sample Review :-Amazing product Wow!7', NULL, '2023-05-01 02:39:20'),
(101, 7, 15, 'Sample Review :-Amazing product Wow!7', NULL, '2023-07-31 02:39:20'),
(102, 7, 16, 'Sample Review :-Amazing product Wow!7', NULL, '2023-04-15 02:39:20'),
(103, 7, 17, 'Sample Review :-Amazing product Wow!7', NULL, '2023-02-02 02:39:20'),
(104, 7, 18, 'Sample Review :-Amazing product Wow!7', NULL, '2022-12-22 02:39:20'),
(105, 7, 19, 'Sample Review :-Amazing product Wow!7', NULL, '2022-12-28 02:39:20'),
(106, 7, 20, 'Sample Review :-Amazing product Wow!7', NULL, '2023-06-01 02:39:20'),
(107, 8, 3, 'Sample Review :-Amazing product Wow!8', NULL, '2023-06-29 02:39:20'),
(108, 8, 4, 'Sample Review :-Amazing product Wow!8', NULL, '2022-08-12 02:39:20'),
(109, 8, 13, 'Sample Review :-Amazing product Wow!8', NULL, '2022-12-19 02:39:20'),
(110, 8, 14, 'Sample Review :-Amazing product Wow!8', NULL, '2023-05-22 02:39:20'),
(111, 8, 15, 'Sample Review :-Amazing product Wow!8', NULL, '2023-06-07 02:39:20'),
(112, 8, 16, 'Sample Review :-Amazing product Wow!8', NULL, '2023-05-20 02:39:20'),
(113, 8, 17, 'Sample Review :-Amazing product Wow!8', NULL, '2023-01-01 02:39:20'),
(114, 8, 18, 'Sample Review :-Amazing product Wow!8', NULL, '2023-04-02 02:39:20'),
(115, 8, 19, 'Sample Review :-Amazing product Wow!8', NULL, '2022-08-24 02:39:20'),
(116, 8, 20, 'Sample Review :-Amazing product Wow!8', NULL, '2022-11-09 02:39:20'),
(117, 9, 3, 'Sample Review :-Amazing product Wow!9', NULL, '2022-09-25 02:39:20'),
(118, 9, 4, 'Sample Review :-Amazing product Wow!9', NULL, '2023-06-26 02:39:20'),
(119, 9, 13, 'Sample Review :-Amazing product Wow!9', NULL, '2023-08-10 02:39:20'),
(120, 9, 14, 'Sample Review :-Amazing product Wow!9', NULL, '2022-12-23 02:39:20'),
(121, 9, 15, 'Sample Review :-Amazing product Wow!9', NULL, '2023-06-16 02:39:20'),
(122, 9, 16, 'Sample Review :-Amazing product Wow!9', NULL, '2022-09-27 02:39:20'),
(123, 9, 17, 'Sample Review :-Amazing product Wow!9', NULL, '2022-09-16 02:39:20'),
(124, 9, 18, 'Sample Review :-Amazing product Wow!9', NULL, '2022-09-20 02:39:20'),
(125, 9, 19, 'Sample Review :-Amazing product Wow!9', NULL, '2022-11-09 02:39:20'),
(126, 9, 20, 'Sample Review :-Amazing product Wow!9', NULL, '2023-07-06 02:39:20'),
(127, 10, 3, 'Sample Review :-Amazing product Wow!10', NULL, '2023-05-17 02:39:20'),
(128, 10, 4, 'Sample Review :-Amazing product Wow!10', NULL, '2022-09-23 02:39:20'),
(129, 10, 13, 'Sample Review :-Amazing product Wow!10', NULL, '2022-11-27 02:39:20'),
(130, 10, 14, 'Sample Review :-Amazing product Wow!10', NULL, '2022-09-24 02:39:20'),
(131, 10, 15, 'Sample Review :-Amazing product Wow!10', NULL, '2023-04-29 02:39:20'),
(132, 10, 16, 'Sample Review :-Amazing product Wow!10', NULL, '2022-10-27 02:39:20'),
(133, 10, 17, 'Sample Review :-Amazing product Wow!10', NULL, '2023-07-07 02:39:20'),
(134, 10, 18, 'Sample Review :-Amazing product Wow!10', NULL, '2023-07-04 02:39:20'),
(135, 10, 19, 'Sample Review :-Amazing product Wow!10', NULL, '2023-05-15 02:39:20'),
(136, 10, 20, 'Sample Review :-Amazing product Wow!10', NULL, '2022-09-19 02:39:20'),
(137, 11, 3, 'Sample Review :-Amazing product Wow!11', NULL, '2022-11-15 02:39:20'),
(138, 11, 4, 'Sample Review :-Amazing product Wow!11', NULL, '2023-08-06 02:39:20'),
(139, 11, 13, 'Sample Review :-Amazing product Wow!11', NULL, '2022-10-01 02:39:20'),
(140, 11, 14, 'Sample Review :-Amazing product Wow!11', NULL, '2023-05-10 02:39:20'),
(141, 11, 15, 'Sample Review :-Amazing product Wow!11', NULL, '2022-11-27 02:39:20'),
(142, 11, 16, 'Sample Review :-Amazing product Wow!11', NULL, '2022-11-11 02:39:20'),
(143, 11, 17, 'Sample Review :-Amazing product Wow!11', NULL, '2022-12-23 02:39:20'),
(144, 11, 18, 'Sample Review :-Amazing product Wow!11', NULL, '2022-09-10 02:39:20'),
(145, 11, 19, 'Sample Review :-Amazing product Wow!11', NULL, '2022-12-02 02:39:20'),
(146, 11, 20, 'Sample Review :-Amazing product Wow!11', NULL, '2022-11-29 02:39:20'),
(147, 12, 3, 'Sample Review :-Amazing product Wow!12', NULL, '2023-03-08 02:39:20'),
(148, 12, 4, 'Sample Review :-Amazing product Wow!12', NULL, '2023-07-26 02:39:20'),
(149, 12, 13, 'Sample Review :-Amazing product Wow!12', NULL, '2022-09-02 02:39:20'),
(150, 12, 14, 'Sample Review :-Amazing product Wow!12', NULL, '2023-01-18 02:39:20'),
(151, 12, 15, 'Sample Review :-Amazing product Wow!12', NULL, '2022-08-13 02:39:20'),
(152, 12, 16, 'Sample Review :-Amazing product Wow!12', NULL, '2023-04-26 02:39:20'),
(153, 12, 17, 'Sample Review :-Amazing product Wow!12', NULL, '2023-02-15 02:39:20'),
(154, 12, 18, 'Sample Review :-Amazing product Wow!12', NULL, '2023-01-27 02:39:20'),
(155, 12, 19, 'Sample Review :-Amazing product Wow!12', NULL, '2023-05-16 02:39:20'),
(156, 12, 20, 'Sample Review :-Amazing product Wow!12', NULL, '2023-01-11 02:39:20'),
(157, 13, 3, 'Sample Review :-Amazing product Wow!13', NULL, '2023-06-04 02:39:20'),
(158, 13, 4, 'Sample Review :-Amazing product Wow!13', NULL, '2023-06-02 02:39:20'),
(159, 13, 13, 'Sample Review :-Amazing product Wow!13', NULL, '2023-03-15 02:39:20'),
(160, 13, 14, 'Sample Review :-Amazing product Wow!13', NULL, '2023-02-23 02:39:20'),
(161, 13, 15, 'Sample Review :-Amazing product Wow!13', NULL, '2023-07-10 02:39:20'),
(162, 13, 16, 'Sample Review :-Amazing product Wow!13', NULL, '2023-07-23 02:39:20'),
(163, 13, 17, 'Sample Review :-Amazing product Wow!13', NULL, '2023-08-10 02:39:20'),
(164, 13, 18, 'Sample Review :-Amazing product Wow!13', NULL, '2022-10-04 02:39:20'),
(165, 13, 19, 'Sample Review :-Amazing product Wow!13', NULL, '2023-05-08 02:39:20'),
(166, 13, 20, 'Sample Review :-Amazing product Wow!13', NULL, '2022-11-13 02:39:20'),
(167, 14, 3, 'Sample Review :-Amazing product Wow!14', NULL, '2022-09-03 02:39:20'),
(168, 14, 4, 'Sample Review :-Amazing product Wow!14', NULL, '2023-02-25 02:39:20'),
(169, 14, 13, 'Sample Review :-Amazing product Wow!14', NULL, '2023-02-16 02:39:20'),
(170, 14, 14, 'Sample Review :-Amazing product Wow!14', NULL, '2023-07-28 02:39:20'),
(171, 14, 15, 'Sample Review :-Amazing product Wow!14', NULL, '2022-11-14 02:39:20'),
(172, 14, 16, 'Sample Review :-Amazing product Wow!14', NULL, '2023-01-08 02:39:20'),
(173, 14, 17, 'Sample Review :-Amazing product Wow!14', NULL, '2022-11-20 02:39:20'),
(174, 14, 18, 'Sample Review :-Amazing product Wow!14', NULL, '2022-10-04 02:39:20'),
(175, 14, 19, 'Sample Review :-Amazing product Wow!14', NULL, '2023-07-09 02:39:20'),
(176, 14, 20, 'Sample Review :-Amazing product Wow!14', NULL, '2022-09-16 02:39:20'),
(177, 15, 3, 'Sample Review :-Amazing product Wow!15', NULL, '2023-05-18 02:39:20'),
(178, 15, 4, 'Sample Review :-Amazing product Wow!15', NULL, '2023-02-25 02:39:20'),
(179, 15, 13, 'Sample Review :-Amazing product Wow!15', NULL, '2023-01-04 02:39:20'),
(180, 15, 14, 'Sample Review :-Amazing product Wow!15', NULL, '2022-12-27 02:39:20'),
(181, 15, 15, 'Sample Review :-Amazing product Wow!15', NULL, '2023-04-17 02:39:20'),
(182, 15, 16, 'Sample Review :-Amazing product Wow!15', NULL, '2022-11-20 02:39:20'),
(183, 15, 17, 'Sample Review :-Amazing product Wow!15', NULL, '2022-12-11 02:39:20'),
(184, 15, 18, 'Sample Review :-Amazing product Wow!15', NULL, '2023-06-14 02:39:20'),
(185, 15, 19, 'Sample Review :-Amazing product Wow!15', NULL, '2022-10-25 02:39:20'),
(186, 15, 20, 'Sample Review :-Amazing product Wow!15', NULL, '2023-02-11 02:39:20'),
(187, 16, 3, 'Sample Review :-Amazing product Wow!16', NULL, '2023-07-06 02:39:20'),
(188, 16, 4, 'Sample Review :-Amazing product Wow!16', NULL, '2023-08-10 02:39:20'),
(189, 16, 13, 'Sample Review :-Amazing product Wow!16', NULL, '2022-11-18 02:39:20'),
(190, 16, 14, 'Sample Review :-Amazing product Wow!16', NULL, '2022-12-25 02:39:20'),
(191, 16, 15, 'Sample Review :-Amazing product Wow!16', NULL, '2022-08-26 02:39:20'),
(192, 16, 16, 'Sample Review :-Amazing product Wow!16', NULL, '2022-09-12 02:39:20'),
(193, 16, 17, 'Sample Review :-Amazing product Wow!16', NULL, '2022-12-03 02:39:20'),
(194, 16, 18, 'Sample Review :-Amazing product Wow!16', NULL, '2022-11-27 02:39:20'),
(195, 16, 19, 'Sample Review :-Amazing product Wow!16', NULL, '2023-02-26 02:39:20'),
(196, 16, 20, 'Sample Review :-Amazing product Wow!16', NULL, '2023-06-12 02:39:20'),
(197, 17, 3, 'Sample Review :-Amazing product Wow!17', NULL, '2023-02-24 02:39:20'),
(198, 17, 4, 'Sample Review :-Amazing product Wow!17', NULL, '2022-10-21 02:39:20'),
(199, 17, 13, 'Sample Review :-Amazing product Wow!17', NULL, '2022-12-15 02:39:20'),
(200, 17, 14, 'Sample Review :-Amazing product Wow!17', NULL, '2022-10-02 02:39:20'),
(201, 17, 15, 'Sample Review :-Amazing product Wow!17', NULL, '2023-04-17 02:39:20'),
(202, 17, 16, 'Sample Review :-Amazing product Wow!17', NULL, '2023-08-01 02:39:20'),
(203, 17, 17, 'Sample Review :-Amazing product Wow!17', NULL, '2023-06-07 02:39:20'),
(204, 17, 18, 'Sample Review :-Amazing product Wow!17', NULL, '2022-10-17 02:39:20'),
(205, 17, 19, 'Sample Review :-Amazing product Wow!17', NULL, '2023-01-25 02:39:20'),
(206, 17, 20, 'Sample Review :-Amazing product Wow!17', NULL, '2023-05-08 02:39:20'),
(207, 18, 3, 'Sample Review :-Amazing product Wow!18', NULL, '2022-12-04 02:39:20'),
(208, 18, 4, 'Sample Review :-Amazing product Wow!18', NULL, '2022-12-21 02:39:20'),
(209, 18, 13, 'Sample Review :-Amazing product Wow!18', NULL, '2023-06-21 02:39:20'),
(210, 18, 14, 'Sample Review :-Amazing product Wow!18', NULL, '2022-10-30 02:39:20'),
(211, 18, 15, 'Sample Review :-Amazing product Wow!18', NULL, '2023-02-12 02:39:20'),
(212, 18, 16, 'Sample Review :-Amazing product Wow!18', NULL, '2023-06-29 02:39:20'),
(213, 18, 17, 'Sample Review :-Amazing product Wow!18', NULL, '2023-06-30 02:39:20'),
(214, 18, 18, 'Sample Review :-Amazing product Wow!18', NULL, '2023-05-20 02:39:20'),
(215, 18, 19, 'Sample Review :-Amazing product Wow!18', NULL, '2022-10-26 02:39:20'),
(216, 18, 20, 'Sample Review :-Amazing product Wow!18', NULL, '2023-05-01 02:39:20'),
(217, 19, 3, 'Sample Review :-Amazing product Wow!19', NULL, '2023-08-03 02:39:20'),
(218, 19, 4, 'Sample Review :-Amazing product Wow!19', NULL, '2023-05-04 02:39:20'),
(219, 19, 13, 'Sample Review :-Amazing product Wow!19', NULL, '2023-04-25 02:39:20'),
(220, 19, 14, 'Sample Review :-Amazing product Wow!19', NULL, '2022-12-11 02:39:20'),
(221, 19, 15, 'Sample Review :-Amazing product Wow!19', NULL, '2023-03-04 02:39:20'),
(222, 19, 16, 'Sample Review :-Amazing product Wow!19', NULL, '2023-05-28 02:39:20'),
(223, 19, 17, 'Sample Review :-Amazing product Wow!19', NULL, '2022-11-27 02:39:20'),
(224, 19, 18, 'Sample Review :-Amazing product Wow!19', NULL, '2022-09-15 02:39:20'),
(225, 19, 19, 'Sample Review :-Amazing product Wow!19', NULL, '2023-03-14 02:39:20'),
(226, 19, 20, 'Sample Review :-Amazing product Wow!19', NULL, '2023-04-08 02:39:20'),
(227, 20, 3, 'Sample Review :-Amazing product Wow!20', NULL, '2023-02-14 02:39:20'),
(228, 20, 4, 'Sample Review :-Amazing product Wow!20', NULL, '2023-03-14 02:39:20'),
(229, 20, 13, 'Sample Review :-Amazing product Wow!20', NULL, '2023-01-07 02:39:20'),
(230, 20, 14, 'Sample Review :-Amazing product Wow!20', NULL, '2022-11-19 02:39:20'),
(231, 20, 15, 'Sample Review :-Amazing product Wow!20', NULL, '2022-10-01 02:39:20'),
(232, 20, 16, 'Sample Review :-Amazing product Wow!20', NULL, '2023-06-29 02:39:20'),
(233, 20, 17, 'Sample Review :-Amazing product Wow!20', NULL, '2023-08-07 02:39:20'),
(234, 20, 18, 'Sample Review :-Amazing product Wow!20', NULL, '2022-11-25 02:39:20'),
(235, 20, 19, 'Sample Review :-Amazing product Wow!20', NULL, '2023-02-07 02:39:20'),
(236, 20, 20, 'Sample Review :-Amazing product Wow!20', NULL, '2023-03-14 02:39:20'),
(237, 29, 3, 'Sample Review :-Amazing product Wow!29', NULL, '2023-01-27 02:39:20'),
(238, 29, 4, 'Sample Review :-Amazing product Wow!29', NULL, '2023-02-26 02:39:20'),
(239, 29, 13, 'Sample Review :-Amazing product Wow!29', NULL, '2022-12-14 02:39:20'),
(240, 29, 14, 'Sample Review :-Amazing product Wow!29', NULL, '2022-09-06 02:39:20'),
(241, 29, 15, 'Sample Review :-Amazing product Wow!29', NULL, '2022-12-07 02:39:20'),
(242, 29, 16, 'Sample Review :-Amazing product Wow!29', NULL, '2023-01-05 02:39:20'),
(243, 29, 17, 'Sample Review :-Amazing product Wow!29', NULL, '2022-08-27 02:39:20'),
(244, 29, 18, 'Sample Review :-Amazing product Wow!29', NULL, '2022-08-14 02:39:20'),
(245, 29, 19, 'Sample Review :-Amazing product Wow!29', NULL, '2023-07-09 02:39:20'),
(246, 29, 20, 'Sample Review :-Amazing product Wow!29', NULL, '2023-02-17 02:39:20'),
(247, 30, 3, 'Sample Review :-Amazing product Wow!30', NULL, '2023-06-24 02:39:20'),
(248, 30, 4, 'Sample Review :-Amazing product Wow!30', NULL, '2023-05-26 02:39:20'),
(249, 30, 13, 'Sample Review :-Amazing product Wow!30', NULL, '2022-12-10 02:39:20'),
(250, 30, 14, 'Sample Review :-Amazing product Wow!30', NULL, '2022-11-25 02:39:20'),
(251, 30, 15, 'Sample Review :-Amazing product Wow!30', NULL, '2023-01-26 02:39:20'),
(252, 30, 16, 'Sample Review :-Amazing product Wow!30', NULL, '2023-01-12 02:39:20'),
(253, 30, 17, 'Sample Review :-Amazing product Wow!30', NULL, '2023-05-04 02:39:20'),
(254, 30, 18, 'Sample Review :-Amazing product Wow!30', NULL, '2022-12-28 02:39:20'),
(255, 30, 19, 'Sample Review :-Amazing product Wow!30', NULL, '2023-04-28 02:39:20'),
(256, 30, 20, 'Sample Review :-Amazing product Wow!30', NULL, '2023-01-10 02:39:20'),
(257, 31, 3, 'Sample Review :-Amazing product Wow!31', NULL, '2023-07-24 02:39:20'),
(258, 31, 4, 'Sample Review :-Amazing product Wow!31', NULL, '2023-02-10 02:39:20'),
(259, 31, 13, 'Sample Review :-Amazing product Wow!31', NULL, '2023-04-06 02:39:20'),
(260, 31, 14, 'Sample Review :-Amazing product Wow!31', NULL, '2023-05-12 02:39:20'),
(261, 31, 15, 'Sample Review :-Amazing product Wow!31', NULL, '2023-05-31 02:39:20'),
(262, 31, 16, 'Sample Review :-Amazing product Wow!31', NULL, '2023-05-15 02:39:20'),
(263, 31, 17, 'Sample Review :-Amazing product Wow!31', NULL, '2022-12-29 02:39:20'),
(264, 31, 18, 'Sample Review :-Amazing product Wow!31', NULL, '2023-04-01 02:39:20'),
(265, 31, 19, 'Sample Review :-Amazing product Wow!31', NULL, '2022-08-24 02:39:20'),
(266, 31, 20, 'Sample Review :-Amazing product Wow!31', NULL, '2022-11-18 02:39:20'),
(267, 32, 3, 'Sample Review :-Amazing product Wow!32', NULL, '2022-11-07 02:39:20'),
(268, 32, 4, 'Sample Review :-Amazing product Wow!32', NULL, '2023-01-01 02:39:20'),
(269, 32, 13, 'Sample Review :-Amazing product Wow!32', NULL, '2022-11-05 02:39:20'),
(270, 32, 14, 'Sample Review :-Amazing product Wow!32', NULL, '2022-08-13 02:39:20'),
(271, 32, 15, 'Sample Review :-Amazing product Wow!32', NULL, '2022-12-06 02:39:20'),
(272, 32, 16, 'Sample Review :-Amazing product Wow!32', NULL, '2023-03-10 02:39:20'),
(273, 32, 17, 'Sample Review :-Amazing product Wow!32', NULL, '2023-07-17 02:39:20'),
(274, 32, 18, 'Sample Review :-Amazing product Wow!32', NULL, '2023-07-13 02:39:20'),
(275, 32, 19, 'Sample Review :-Amazing product Wow!32', NULL, '2023-05-31 02:39:20'),
(276, 32, 20, 'Sample Review :-Amazing product Wow!32', NULL, '2022-11-11 02:39:20'),
(277, 33, 3, 'Sample Review :-Amazing product Wow!33', NULL, '2023-06-17 02:39:20'),
(278, 33, 4, 'Sample Review :-Amazing product Wow!33', NULL, '2023-02-07 02:39:20'),
(279, 33, 13, 'Sample Review :-Amazing product Wow!33', NULL, '2023-07-13 02:39:20'),
(280, 33, 14, 'Sample Review :-Amazing product Wow!33', NULL, '2022-09-22 02:39:20'),
(281, 33, 15, 'Sample Review :-Amazing product Wow!33', NULL, '2023-06-03 02:39:20'),
(282, 33, 16, 'Sample Review :-Amazing product Wow!33', NULL, '2023-04-26 02:39:20'),
(283, 33, 17, 'Sample Review :-Amazing product Wow!33', NULL, '2022-09-19 02:39:20'),
(284, 33, 18, 'Sample Review :-Amazing product Wow!33', NULL, '2023-01-06 02:39:20'),
(285, 33, 19, 'Sample Review :-Amazing product Wow!33', NULL, '2023-04-27 02:39:20'),
(286, 33, 20, 'Sample Review :-Amazing product Wow!33', NULL, '2022-12-08 02:39:20'),
(287, 34, 3, 'Sample Review :-Amazing product Wow!34', NULL, '2023-02-12 02:39:20'),
(288, 34, 4, 'Sample Review :-Amazing product Wow!34', NULL, '2023-02-27 02:39:20'),
(289, 34, 13, 'Sample Review :-Amazing product Wow!34', NULL, '2022-10-29 02:39:20'),
(290, 34, 14, 'Sample Review :-Amazing product Wow!34', NULL, '2023-01-17 02:39:20'),
(291, 34, 15, 'Sample Review :-Amazing product Wow!34', NULL, '2023-02-20 02:39:20'),
(292, 34, 16, 'Sample Review :-Amazing product Wow!34', NULL, '2022-12-13 02:39:20'),
(293, 34, 17, 'Sample Review :-Amazing product Wow!34', NULL, '2022-09-20 02:39:20'),
(294, 34, 18, 'Sample Review :-Amazing product Wow!34', NULL, '2023-02-18 02:39:20'),
(295, 34, 19, 'Sample Review :-Amazing product Wow!34', NULL, '2022-11-25 02:39:20'),
(296, 34, 20, 'Sample Review :-Amazing product Wow!34', NULL, '2023-06-26 02:39:20'),
(297, 35, 3, 'Sample Review :-Amazing product Wow!35', NULL, '2023-02-10 02:39:20'),
(298, 35, 4, 'Sample Review :-Amazing product Wow!35', NULL, '2023-07-01 02:39:20'),
(299, 35, 13, 'Sample Review :-Amazing product Wow!35', NULL, '2023-07-16 02:39:20'),
(300, 35, 14, 'Sample Review :-Amazing product Wow!35', NULL, '2023-08-02 02:39:20'),
(301, 35, 15, 'Sample Review :-Amazing product Wow!35', NULL, '2022-09-14 02:39:20'),
(302, 35, 16, 'Sample Review :-Amazing product Wow!35', NULL, '2023-02-22 02:39:20'),
(303, 35, 17, 'Sample Review :-Amazing product Wow!35', NULL, '2023-01-03 02:39:20'),
(304, 35, 18, 'Sample Review :-Amazing product Wow!35', NULL, '2022-12-29 02:39:20'),
(305, 35, 19, 'Sample Review :-Amazing product Wow!35', NULL, '2023-04-30 02:39:20'),
(306, 35, 20, 'Sample Review :-Amazing product Wow!35', NULL, '2023-01-17 02:39:20'),
(307, 36, 3, 'Sample Review :-Amazing product Wow!36', NULL, '2022-08-20 02:39:20'),
(308, 36, 4, 'Sample Review :-Amazing product Wow!36', NULL, '2023-06-06 02:39:20'),
(309, 36, 13, 'Sample Review :-Amazing product Wow!36', NULL, '2022-08-18 02:39:20'),
(310, 36, 14, 'Sample Review :-Amazing product Wow!36', NULL, '2023-03-30 02:39:20'),
(311, 36, 15, 'Sample Review :-Amazing product Wow!36', NULL, '2022-09-20 02:39:20'),
(312, 36, 16, 'Sample Review :-Amazing product Wow!36', NULL, '2023-04-05 02:39:20'),
(313, 36, 17, 'Sample Review :-Amazing product Wow!36', NULL, '2023-07-10 02:39:20'),
(314, 36, 18, 'Sample Review :-Amazing product Wow!36', NULL, '2023-03-24 02:39:20'),
(315, 36, 19, 'Sample Review :-Amazing product Wow!36', NULL, '2022-12-14 02:39:20'),
(316, 36, 20, 'Sample Review :-Amazing product Wow!36', NULL, '2023-06-21 02:39:20'),
(317, 41, 3, 'Sample Review :-Amazing product Wow!41', NULL, '2022-11-17 02:39:20'),
(318, 41, 4, 'Sample Review :-Amazing product Wow!41', NULL, '2023-05-19 02:39:20'),
(319, 41, 13, 'Sample Review :-Amazing product Wow!41', NULL, '2022-08-23 02:39:20'),
(320, 41, 14, 'Sample Review :-Amazing product Wow!41', NULL, '2023-06-21 02:39:20'),
(321, 41, 15, 'Sample Review :-Amazing product Wow!41', NULL, '2022-10-24 02:39:20'),
(322, 41, 16, 'Sample Review :-Amazing product Wow!41', NULL, '2023-01-15 02:39:20'),
(323, 41, 17, 'Sample Review :-Amazing product Wow!41', NULL, '2023-02-25 02:39:20'),
(324, 41, 18, 'Sample Review :-Amazing product Wow!41', NULL, '2023-01-09 02:39:20'),
(325, 41, 19, 'Sample Review :-Amazing product Wow!41', NULL, '2023-01-20 02:39:20'),
(326, 41, 20, 'Sample Review :-Amazing product Wow!41', NULL, '2023-08-01 02:39:20'),
(327, 42, 3, 'Sample Review :-Amazing product Wow!42', NULL, '2023-02-21 02:39:20'),
(328, 42, 4, 'Sample Review :-Amazing product Wow!42', NULL, '2023-05-06 02:39:20'),
(329, 42, 13, 'Sample Review :-Amazing product Wow!42', NULL, '2022-09-10 02:39:20'),
(330, 42, 14, 'Sample Review :-Amazing product Wow!42', NULL, '2022-10-24 02:39:20'),
(331, 42, 15, 'Sample Review :-Amazing product Wow!42', NULL, '2023-05-17 02:39:20'),
(332, 42, 16, 'Sample Review :-Amazing product Wow!42', NULL, '2022-10-26 02:39:20'),
(333, 42, 17, 'Sample Review :-Amazing product Wow!42', NULL, '2023-05-12 02:39:20'),
(334, 42, 18, 'Sample Review :-Amazing product Wow!42', NULL, '2022-09-28 02:39:20'),
(335, 42, 19, 'Sample Review :-Amazing product Wow!42', NULL, '2023-01-06 02:39:20'),
(336, 42, 20, 'Sample Review :-Amazing product Wow!42', NULL, '2023-03-30 02:39:20'),
(337, 43, 3, 'Sample Review :-Amazing product Wow!43', NULL, '2023-07-22 02:39:20'),
(338, 43, 4, 'Sample Review :-Amazing product Wow!43', NULL, '2023-06-07 02:39:20'),
(339, 43, 13, 'Sample Review :-Amazing product Wow!43', NULL, '2022-11-19 02:39:20'),
(340, 43, 14, 'Sample Review :-Amazing product Wow!43', NULL, '2023-07-06 02:39:20'),
(341, 43, 15, 'Sample Review :-Amazing product Wow!43', NULL, '2023-04-18 02:39:20'),
(342, 43, 16, 'Sample Review :-Amazing product Wow!43', NULL, '2023-04-29 02:39:20'),
(343, 43, 17, 'Sample Review :-Amazing product Wow!43', NULL, '2023-02-16 02:39:20'),
(344, 43, 18, 'Sample Review :-Amazing product Wow!43', NULL, '2023-01-20 02:39:20'),
(345, 43, 19, 'Sample Review :-Amazing product Wow!43', NULL, '2023-04-09 02:39:20'),
(346, 43, 20, 'Sample Review :-Amazing product Wow!43', NULL, '2023-07-31 02:39:20'),
(347, 44, 3, 'Sample Review :-Amazing product Wow!44', NULL, '2023-06-23 02:39:20'),
(348, 44, 4, 'Sample Review :-Amazing product Wow!44', NULL, '2023-01-12 02:39:20'),
(349, 44, 13, 'Sample Review :-Amazing product Wow!44', NULL, '2023-02-12 02:39:20'),
(350, 44, 14, 'Sample Review :-Amazing product Wow!44', NULL, '2022-11-19 02:39:20'),
(351, 44, 15, 'Sample Review :-Amazing product Wow!44', NULL, '2023-06-14 02:39:20'),
(352, 44, 16, 'Sample Review :-Amazing product Wow!44', NULL, '2022-12-29 02:39:20'),
(353, 44, 17, 'Sample Review :-Amazing product Wow!44', NULL, '2023-01-04 02:39:20'),
(354, 44, 18, 'Sample Review :-Amazing product Wow!44', NULL, '2023-06-13 02:39:20'),
(355, 44, 19, 'Sample Review :-Amazing product Wow!44', NULL, '2023-08-10 02:39:20'),
(356, 44, 20, 'Sample Review :-Amazing product Wow!44', NULL, '2023-01-30 02:39:20'),
(357, 45, 3, 'Sample Review :-Amazing product Wow!45', NULL, '2022-12-20 02:39:20'),
(358, 45, 4, 'Sample Review :-Amazing product Wow!45', NULL, '2022-12-26 02:39:20'),
(359, 45, 13, 'Sample Review :-Amazing product Wow!45', NULL, '2023-06-01 02:39:20'),
(360, 45, 14, 'Sample Review :-Amazing product Wow!45', NULL, '2023-07-03 02:39:20'),
(361, 45, 15, 'Sample Review :-Amazing product Wow!45', NULL, '2022-08-31 02:39:20'),
(362, 45, 16, 'Sample Review :-Amazing product Wow!45', NULL, '2023-03-17 02:39:20'),
(363, 45, 17, 'Sample Review :-Amazing product Wow!45', NULL, '2023-06-03 02:39:20'),
(364, 45, 18, 'Sample Review :-Amazing product Wow!45', NULL, '2022-11-18 02:39:20'),
(365, 45, 19, 'Sample Review :-Amazing product Wow!45', NULL, '2023-07-11 02:39:20'),
(366, 45, 20, 'Sample Review :-Amazing product Wow!45', NULL, '2023-05-15 02:39:20'),
(367, 46, 3, 'Sample Review :-Amazing product Wow!46', NULL, '2022-08-27 02:39:20'),
(368, 46, 4, 'Sample Review :-Amazing product Wow!46', NULL, '2023-07-24 02:39:20'),
(369, 46, 13, 'Sample Review :-Amazing product Wow!46', NULL, '2023-03-22 02:39:20'),
(370, 46, 14, 'Sample Review :-Amazing product Wow!46', NULL, '2022-10-27 02:39:20'),
(371, 46, 15, 'Sample Review :-Amazing product Wow!46', NULL, '2022-10-28 02:39:20'),
(372, 46, 16, 'Sample Review :-Amazing product Wow!46', NULL, '2023-01-15 02:39:20'),
(373, 46, 17, 'Sample Review :-Amazing product Wow!46', NULL, '2023-02-16 02:39:20'),
(374, 46, 18, 'Sample Review :-Amazing product Wow!46', NULL, '2022-11-25 02:39:20'),
(375, 46, 19, 'Sample Review :-Amazing product Wow!46', NULL, '2023-07-04 02:39:20'),
(376, 46, 20, 'Sample Review :-Amazing product Wow!46', NULL, '2023-03-22 02:39:20'),
(377, 47, 3, 'Sample Review :-Amazing product Wow!47', NULL, '2022-12-23 02:39:20'),
(378, 47, 4, 'Sample Review :-Amazing product Wow!47', NULL, '2023-08-11 02:39:20'),
(379, 47, 13, 'Sample Review :-Amazing product Wow!47', NULL, '2023-07-05 02:39:20'),
(380, 47, 14, 'Sample Review :-Amazing product Wow!47', NULL, '2023-02-05 02:39:20'),
(381, 47, 15, 'Sample Review :-Amazing product Wow!47', NULL, '2023-05-09 02:39:20'),
(382, 47, 16, 'Sample Review :-Amazing product Wow!47', NULL, '2022-11-12 02:39:20'),
(383, 47, 17, 'Sample Review :-Amazing product Wow!47', NULL, '2022-08-25 02:39:20'),
(384, 47, 18, 'Sample Review :-Amazing product Wow!47', NULL, '2023-01-14 02:39:20'),
(385, 47, 19, 'Sample Review :-Amazing product Wow!47', NULL, '2022-08-20 02:39:20'),
(386, 47, 20, 'Sample Review :-Amazing product Wow!47', NULL, '2023-06-13 02:39:20'),
(387, 48, 3, 'Sample Review :-Amazing product Wow!48', NULL, '2022-09-21 02:39:20'),
(388, 48, 4, 'Sample Review :-Amazing product Wow!48', NULL, '2022-08-29 02:39:20'),
(389, 48, 13, 'Sample Review :-Amazing product Wow!48', NULL, '2023-07-08 02:39:20'),
(390, 48, 14, 'Sample Review :-Amazing product Wow!48', NULL, '2022-12-30 02:39:20'),
(391, 48, 15, 'Sample Review :-Amazing product Wow!48', NULL, '2022-10-26 02:39:20'),
(392, 48, 16, 'Sample Review :-Amazing product Wow!48', NULL, '2023-07-01 02:39:20'),
(393, 48, 17, 'Sample Review :-Amazing product Wow!48', NULL, '2023-05-31 02:39:20'),
(394, 48, 18, 'Sample Review :-Amazing product Wow!48', NULL, '2022-12-16 02:39:20'),
(395, 48, 19, 'Sample Review :-Amazing product Wow!48', NULL, '2022-12-13 02:39:20'),
(396, 48, 20, 'Sample Review :-Amazing product Wow!48', NULL, '2023-04-03 02:39:20'),
(397, 49, 3, 'Sample Review :-Amazing product Wow!49', NULL, '2022-10-24 02:39:20'),
(398, 49, 4, 'Sample Review :-Amazing product Wow!49', NULL, '2022-09-10 02:39:20'),
(399, 49, 13, 'Sample Review :-Amazing product Wow!49', NULL, '2023-05-29 02:39:20'),
(400, 49, 14, 'Sample Review :-Amazing product Wow!49', NULL, '2023-05-07 02:39:20'),
(401, 49, 15, 'Sample Review :-Amazing product Wow!49', NULL, '2022-11-26 02:39:20'),
(402, 49, 16, 'Sample Review :-Amazing product Wow!49', NULL, '2022-11-10 02:39:20'),
(403, 49, 17, 'Sample Review :-Amazing product Wow!49', NULL, '2022-12-26 02:39:20'),
(404, 49, 18, 'Sample Review :-Amazing product Wow!49', NULL, '2022-09-23 02:39:20'),
(405, 49, 19, 'Sample Review :-Amazing product Wow!49', NULL, '2023-01-28 02:39:20'),
(406, 49, 20, 'Sample Review :-Amazing product Wow!49', NULL, '2023-08-01 02:39:20'),
(407, 50, 3, 'Sample Review :-Amazing product Wow!50', NULL, '2023-01-29 02:39:20'),
(408, 50, 4, 'Sample Review :-Amazing product Wow!50', NULL, '2023-01-13 02:39:20'),
(409, 50, 13, 'Sample Review :-Amazing product Wow!50', NULL, '2023-04-30 02:39:20'),
(410, 50, 14, 'Sample Review :-Amazing product Wow!50', NULL, '2022-12-02 02:39:20'),
(411, 50, 15, 'Sample Review :-Amazing product Wow!50', NULL, '2023-01-03 02:39:20'),
(412, 50, 16, 'Sample Review :-Amazing product Wow!50', NULL, '2022-08-30 02:39:20'),
(413, 50, 17, 'Sample Review :-Amazing product Wow!50', NULL, '2022-09-06 02:39:20'),
(414, 50, 18, 'Sample Review :-Amazing product Wow!50', NULL, '2022-10-23 02:39:20'),
(415, 50, 19, 'Sample Review :-Amazing product Wow!50', NULL, '2023-05-23 02:39:20'),
(416, 50, 20, 'Sample Review :-Amazing product Wow!50', NULL, '2022-11-30 02:39:20'),
(417, 51, 3, 'Sample Review :-Amazing product Wow!51', NULL, '2022-10-15 02:39:20'),
(418, 51, 4, 'Sample Review :-Amazing product Wow!51', NULL, '2023-07-31 02:39:20'),
(419, 51, 13, 'Sample Review :-Amazing product Wow!51', NULL, '2022-12-06 02:39:20'),
(420, 51, 14, 'Sample Review :-Amazing product Wow!51', NULL, '2023-04-19 02:39:20'),
(421, 51, 15, 'Sample Review :-Amazing product Wow!51', NULL, '2023-02-03 02:39:20'),
(422, 51, 16, 'Sample Review :-Amazing product Wow!51', NULL, '2022-12-14 02:39:20'),
(423, 51, 17, 'Sample Review :-Amazing product Wow!51', NULL, '2022-11-14 02:39:20'),
(424, 51, 18, 'Sample Review :-Amazing product Wow!51', NULL, '2022-11-20 02:39:20'),
(425, 51, 19, 'Sample Review :-Amazing product Wow!51', NULL, '2023-03-16 02:39:20'),
(426, 51, 20, 'Sample Review :-Amazing product Wow!51', NULL, '2022-10-04 02:39:20'),
(427, 52, 3, 'Sample Review :-Amazing product Wow!52', NULL, '2023-07-25 02:39:20'),
(428, 52, 4, 'Sample Review :-Amazing product Wow!52', NULL, '2022-12-05 02:39:20'),
(429, 52, 13, 'Sample Review :-Amazing product Wow!52', NULL, '2023-05-04 02:39:20'),
(430, 52, 14, 'Sample Review :-Amazing product Wow!52', NULL, '2023-04-19 02:39:20'),
(431, 52, 15, 'Sample Review :-Amazing product Wow!52', NULL, '2022-11-10 02:39:20'),
(432, 52, 16, 'Sample Review :-Amazing product Wow!52', NULL, '2022-10-17 02:39:20'),
(433, 52, 17, 'Sample Review :-Amazing product Wow!52', NULL, '2022-10-12 02:39:20'),
(434, 52, 18, 'Sample Review :-Amazing product Wow!52', NULL, '2022-11-27 02:39:20'),
(435, 52, 19, 'Sample Review :-Amazing product Wow!52', NULL, '2023-07-29 02:39:20'),
(436, 52, 20, 'Sample Review :-Amazing product Wow!52', NULL, '2023-07-19 02:39:20');

-- --------------------------------------------------------

--
-- Table structure for table `users`
--

CREATE TABLE `users` (
  `id` int(11) NOT NULL,
  `email` varchar(255) NOT NULL,
  `password` varchar(255) NOT NULL,
  `first_name` varchar(255) NOT NULL,
  `last_name` varchar(255) NOT NULL,
  `user_image` varchar(255) DEFAULT NULL
) ENGINE=InnoDB DEFAULT CHARSET=utf8mb4 COLLATE=utf8mb4_general_ci;

--
-- Dumping data for table `users`
--

INSERT INTO `users` (`id`, `email`, `password`, `first_name`, `last_name`, `user_image`) VALUES
(3, 'neelanjanchakraborty231@gmail.com', 'password', 'Neelanjan', 'Chakraborty', NULL),
(4, 'kastletutorial@gmail.com', 'password0', 'Knowledge', 'Castle', NULL),
(13, 'user1@example.com', 'password1', 'Aarav', 'Kumar', 'res/images/user1.jpg'),
(14, 'user2@example.com', 'password2', 'Sanya', 'Sharma', 'res/images/user2.jpg'),
(15, 'user3@example.com', 'password3', 'Rahul', 'Patel', 'res/images/user3.jpg'),
(16, 'user4@example.com', 'password4', 'Neha', 'Gupta', 'res/images/user4.jpg'),
(17, 'user5@example.com', 'password5', 'Aryan', 'Singh', 'res/images/user5.jpg'),
(18, 'user6@example.com', 'password6', 'Pooja', 'Verma', 'res/images/user6.jpg'),
(19, 'user7@example.com', 'password7', 'Vikram', 'Rajput', 'res/images/user7.jpg'),
(20, 'user8@example.com', 'password8', 'Kriti', 'Mishra', 'res/images/user8.jpg');

-- --------------------------------------------------------

--
-- Table structure for table `wishlist`
--

CREATE TABLE `wishlist` (
  `wishlist_id` int(11) NOT NULL,
  `user_id` int(11) DEFAULT NULL,
  `product_id` int(11) DEFAULT NULL
) ENGINE=InnoDB DEFAULT CHARSET=utf8mb4 COLLATE=utf8mb4_general_ci;

--
-- Dumping data for table `wishlist`
--

INSERT INTO `wishlist` (`wishlist_id`, `user_id`, `product_id`) VALUES
(3, 3, 2),
(4, 3, 18);

-- --------------------------------------------------------

--
-- Table structure for table `wrist_watch_products`
--

CREATE TABLE `wrist_watch_products` (
  `product_id` int(11) NOT NULL,
  `title` varchar(255) NOT NULL,
  `description` text NOT NULL,
  `category` varchar(100) NOT NULL,
  `price_mrp` decimal(10,2) NOT NULL,
  `price_list` decimal(10,2) NOT NULL,
  `thumbnail_image` varchar(255) NOT NULL,
  `product_images` text NOT NULL,
  `reviews` text DEFAULT NULL,
  `ratings` decimal(2,1) DEFAULT 0.0,
  `colour_options` varchar(255) DEFAULT NULL,
  `materials` varchar(255) DEFAULT NULL,
  `display` varchar(100) DEFAULT NULL,
  `connectivity` varchar(100) DEFAULT NULL,
  `battery_life` varchar(100) DEFAULT NULL,
  `health_features` text DEFAULT NULL,
  `water_resistance` varchar(100) DEFAULT NULL,
  `compatibility` varchar(255) DEFAULT NULL,
  `additional_features` text DEFAULT NULL,
  `warranty` text DEFAULT NULL,
  `return_policy` text DEFAULT NULL,
  `customer_reviews` text DEFAULT NULL,
  `size_and_dimensions` varchar(100) DEFAULT NULL,
  `packaging` text DEFAULT NULL,
  `shipping_delivery` text DEFAULT NULL
) ENGINE=InnoDB DEFAULT CHARSET=utf8mb4 COLLATE=utf8mb4_general_ci;

--
-- Dumping data for table `wrist_watch_products`
--

INSERT INTO `wrist_watch_products` (`product_id`, `title`, `description`, `category`, `price_mrp`, `price_list`, `thumbnail_image`, `product_images`, `reviews`, `ratings`, `colour_options`, `materials`, `display`, `connectivity`, `battery_life`, `health_features`, `water_resistance`, `compatibility`, `additional_features`, `warranty`, `return_policy`, `customer_reviews`, `size_and_dimensions`, `packaging`, `shipping_delivery`) VALUES
(1, 'Quarts Smart Watch', 'High-quality Quarts Smart Watch for your active lifestyle. Introducing our latest collection of wrist watches that redefine style and functionality. Crafted with precision, these watches showcase a perfect blend of modern design and timeless elegance. Whether you\'re dressing up for a formal occasion or adding a touch of sophistication to your everyday look, our wrist watches are the ultimate choice. Explore the intricate dial designs that capture attention from every angle. The durable materials ensure longevity, while the vibrant color options allow you to express your personal style effortlessly. Stay connected with the latest technology through seamless connectivity features. Our watches are equipped with advanced health tracking to monitor your well-being, and the water-resistant build ensures you\'re ready to take on any adventure. With a long-lasting battery life, you can count on your watch to be your reliable companion throughout your day. Enhance your lifestyle with these watches that not only keep you on time but also elevate your fashion game. Experience the future of timekeeping with our wrist watches. Order now and enjoy free shipping and hassle-free returns. Join the ranks of satisfied customers who have made our watches a part of their everyday journey.', 'Smart Watches', 2499.00, 1999.00, 'res/thumbnails/thumbnail1.jpg', 'image1.png,image2.png,image3.png', '15\nNew Review: I love this watch! It looks stylish and feels comfortable.', 4.5, 'Black, Silver, Gold', 'Stainless Steel', 'AMOLED', 'Bluetooth, Wi-Fi', '2 days', 'Heart rate monitor, Sleep tracking', 'IP68', 'iOS, Android', 'Call & message notifications', '1 year warranty', '30 days return', 'Positive reviews praising design and features', '45mm case size, Adjustable band', 'Box packaging', 'Free standard shipping within the country'),
(2, 'Pears Smart Watch', 'Experience the elegance of Pears Smart Watch on your wrist. Introducing our latest collection of wrist watches that redefine style and functionality. Crafted with precision, these watches showcase a perfect blend of modern design and timeless elegance. Whether you\'re dressing up for a formal occasion or adding a touch of sophistication to your everyday look, our wrist watches are the ultimate choice. Explore the intricate dial designs that capture attention from every angle. The durable materials ensure longevity, while the vibrant color options allow you to express your personal style effortlessly. Stay connected with the latest technology through seamless connectivity features. Our watches are equipped with advanced health tracking to monitor your well-being, and the water-resistant build ensures you\'re ready to take on any adventure. With a long-lasting battery life, you can count on your watch to be your reliable companion throughout your day. Enhance your lifestyle with these watches that not only keep you on time but also elevate your fashion game. Experience the future of timekeeping with our wrist watches. Order now and enjoy free shipping and hassle-free returns. Join the ranks of satisfied customers who have made our watches a part of their everyday journey.', 'Smart Watches', 3199.00, 2799.00, 'res/thumbnails/thumbnail2.jpg', 'image4.png,image5.png,image6.png', '12\nNew Review: I love this watch! It looks stylish and feels comfortable.', 4.3, 'Black, Blue, Red', 'Plastic', 'LCD', 'Bluetooth', '3 days', 'Step counter, GPS', 'IP67', 'iOS, Android', 'Music control', '2 years warranty', '45 days return', 'Users appreciate long battery life', '42mm case size, Silicone band', 'Minimalist packaging', 'Standard and expedited shipping available'),
(3, 'Hamsung Smart Watch', 'Stay connected with Hamsung Smart Watch, your perfect companion. Introducing our latest collection of wrist watches that redefine style and functionality. Crafted with precision, these watches showcase a perfect blend of modern design and timeless elegance. Whether you\'re dressing up for a formal occasion or adding a touch of sophistication to your everyday look, our wrist watches are the ultimate choice. Explore the intricate dial designs that capture attention from every angle. The durable materials ensure longevity, while the vibrant color options allow you to express your personal style effortlessly. Stay connected with the latest technology through seamless connectivity features. Our watches are equipped with advanced health tracking to monitor your well-being, and the water-resistant build ensures you\'re ready to take on any adventure. With a long-lasting battery life, you can count on your watch to be your reliable companion throughout your day. Enhance your lifestyle with these watches that not only keep you on time but also elevate your fashion game. Experience the future of timekeeping with our wrist watches. Order now and enjoy free shipping and hassle-free returns. Join the ranks of satisfied customers who have made our watches a part of their everyday journey.', 'Smart Watches', 3199.00, 2799.00, 'res/thumbnails/thumbnail3.jpg', 'image7.png,image8.png,image9.png', '10\nNew Review: I love this watch! It looks stylish and feels comfortable.', 4.2, 'Silver, Rose Gold', 'Aluminum', 'AMOLED', 'Bluetooth, LTE', '2 days', 'Health tracker, Voice assistant', 'IP68', 'iOS, Android', 'Customizable watch faces', '1 year warranty', '30 days return', 'Mixed reviews about strap comfort', '40mm case size, Leather band', 'Eco-friendly packaging', 'Ships in recyclable materials'),
(4, 'Pixelate Smart Watch', 'Experience high resolution with the Pixelate Smart Watch. Introducing our latest collection of wrist watches that redefine style and functionality. Crafted with precision, these watches showcase a perfect blend of modern design and timeless elegance. Whether you\'re dressing up for a formal occasion or adding a touch of sophistication to your everyday look, our wrist watches are the ultimate choice. Explore the intricate dial designs that capture attention from every angle. The durable materials ensure longevity, while the vibrant color options allow you to express your personal style effortlessly. Stay connected with the latest technology through seamless connectivity features. Our watches are equipped with advanced health tracking to monitor your well-being, and the water-resistant build ensures you\'re ready to take on any adventure. With a long-lasting battery life, you can count on your watch to be your reliable companion throughout your day. Enhance your lifestyle with these watches that not only keep you on time but also elevate your fashion game. Experience the future of timekeeping with our wrist watches. Order now and enjoy free shipping and hassle-free returns. Join the ranks of satisfied customers who have made our watches a part of their everyday journey.', 'Smart Watches', 2299.00, 1999.00, 'res/thumbnails/thumbnail4.jpg', 'image10.png,image11.png,image12.png', '18\nNew Review: I love this watch! It looks stylish and feels comfortable.', 4.8, 'Black, White', 'Stainless Steel', 'OLED', 'Bluetooth, Wi-Fi', '1.5 days', 'Fitness tracker, Sleep analysis', 'IP67', 'iOS, Android', 'Weather updates', '2 years warranty', '60 days return', 'Customers love the sleek design', '44mm case size, Metal band', 'Premium packaging', 'Global shipping available'),
(5, 'Citrus Smart Watch', 'Refresh your style with the Citrus Smart Watch. Introducing our latest collection of wrist watches that redefine style and functionality. Crafted with precision, these watches showcase a perfect blend of modern design and timeless elegance. Whether you\'re dressing up for a formal occasion or adding a touch of sophistication to your everyday look, our wrist watches are the ultimate choice. Explore the intricate dial designs that capture attention from every angle. The durable materials ensure longevity, while the vibrant color options allow you to express your personal style effortlessly. Stay connected with the latest technology through seamless connectivity features. Our watches are equipped with advanced health tracking to monitor your well-being, and the water-resistant build ensures you\'re ready to take on any adventure. With a long-lasting battery life, you can count on your watch to be your reliable companion throughout your day. Enhance your lifestyle with these watches that not only keep you on time but also elevate your fashion game. Experience the future of timekeeping with our wrist watches. Order now and enjoy free shipping and hassle-free returns. Join the ranks of satisfied customers who have made our watches a part of their everyday journey.', 'Smart Watches', 1999.00, 1699.00, 'res/thumbnails/thumbnail5.jpg', 'image13.png,image14.png,image15.png', '8\nNew Review: I love this watch! It looks stylish and feels comfortable.', 3.9, 'Green, Orange', 'Plastic', 'LCD', 'Bluetooth', '2 days', 'Step counter, Heart rate monitor', 'IP65', 'iOS, Android', 'Fitness challenges', '1 year warranty', '30 days return', 'Mixed reviews about battery life', '38mm case size, Silicone band', 'Simple packaging', 'Free local shipping'),
(6, 'Nexa Smart Watch', 'Experience the next level of smartness with Nexa Smart Watch. Introducing our latest collection of wrist watches that redefine style and functionality. Crafted with precision, these watches showcase a perfect blend of modern design and timeless elegance. Whether you\'re dressing up for a formal occasion or adding a touch of sophistication to your everyday look, our wrist watches are the ultimate choice. Explore the intricate dial designs that capture attention from every angle. The durable materials ensure longevity, while the vibrant color options allow you to express your personal style effortlessly. Stay connected with the latest technology through seamless connectivity features. Our watches are equipped with advanced health tracking to monitor your well-being, and the water-resistant build ensures you\'re ready to take on any adventure. With a long-lasting battery life, you can count on your watch to be your reliable companion throughout your day. Enhance your lifestyle with these watches that not only keep you on time but also elevate your fashion game. Experience the future of timekeeping with our wrist watches. Order now and enjoy free shipping and hassle-free returns. Join the ranks of satisfied customers who have made our watches a part of their everyday journey.', 'Smart Watches', 2699.00, 2399.00, 'res/thumbnails/thumbnail6.jpg', 'image16.png,image17.png,image18.png', '14\nNew Review: I love this watch! It looks stylish and feels comfortable.', 4.6, 'Black, Silver', 'Aluminum', 'AMOLED', 'Bluetooth', '2.5 days', 'Fitness tracker, Sleep insights', 'IP68', 'iOS, Android', 'Custom watch faces', '2 years warranty', '45 days return', 'Users praise the comfortable fit', '42mm case size, Metal mesh band', 'Sturdy packaging', 'International shipping available'),
(7, 'Astral Smart Watch', 'Reach for the stars with the Astral Smart Watch. Introducing our latest collection of wrist watches that redefine style and functionality. Crafted with precision, these watches showcase a perfect blend of modern design and timeless elegance. Whether you\'re dressing up for a formal occasion or adding a touch of sophistication to your everyday look, our wrist watches are the ultimate choice. Explore the intricate dial designs that capture attention from every angle. The durable materials ensure longevity, while the vibrant color options allow you to express your personal style effortlessly. Stay connected with the latest technology through seamless connectivity features. Our watches are equipped with advanced health tracking to monitor your well-being, and the water-resistant build ensures you\'re ready to take on any adventure. With a long-lasting battery life, you can count on your watch to be your reliable companion throughout your day. Enhance your lifestyle with these watches that not only keep you on time but also elevate your fashion game. Experience the future of timekeeping with our wrist watches. Order now and enjoy free shipping and hassle-free returns. Join the ranks of satisfied customers who have made our watches a part of their everyday journey.', 'Smart Watches', 2999.00, 2599.00, 'res/thumbnails/thumbnail7.jpg', 'image19.png,image20.png,image21.png', '20\nNew Review: I love this watch! It looks stylish and feels comfortable.', 4.9, 'Black, Blue', 'Stainless Steel', 'AMOLED', 'Bluetooth, Wi-Fi', '3 days', 'Heart health monitor, Sleep tracking', 'IP67', 'iOS, Android', 'Voice commands', '2 years warranty', '30 days return', 'Customers love the accurate sensors', '46mm case size, Leather band', 'Elegant packaging', 'Worldwide shipping available'),
(8, 'Aqua Smart Watch', 'Dive into the world of possibilities with Aqua Smart Watch. Introducing our latest collection of wrist watches that redefine style and functionality. Crafted with precision, these watches showcase a perfect blend of modern design and timeless elegance. Whether you\'re dressing up for a formal occasion or adding a touch of sophistication to your everyday look, our wrist watches are the ultimate choice. Explore the intricate dial designs that capture attention from every angle. The durable materials ensure longevity, while the vibrant color options allow you to express your personal style effortlessly. Stay connected with the latest technology through seamless connectivity features. Our watches are equipped with advanced health tracking to monitor your well-being, and the water-resistant build ensures you\'re ready to take on any adventure. With a long-lasting battery life, you can count on your watch to be your reliable companion throughout your day. Enhance your lifestyle with these watches that not only keep you on time but also elevate your fashion game. Experience the future of timekeeping with our wrist watches. Order now and enjoy free shipping and hassle-free returns. Join the ranks of satisfied customers who have made our watches a part of their everyday journey.', 'Smart Watches', 2499.00, 2099.00, 'res/thumbnails/thumbnail8.jpg', 'image22.png,image23.png,image24.png', '9\nNew Review: I love this watch! It looks stylish and feels comfortable.', 4.1, 'Blue, Teal', 'Plastic', 'LCD', 'Bluetooth', '2 days', 'Swim tracking, Fitness coach', 'IP68', 'iOS, Android', 'Weather updates', '1 year warranty', '30 days return', 'Mixed reviews about app interface', '40mm case size, Silicone band', 'Minimal packaging', 'Domestic shipping available'),
(9, 'Nova Smart Watch', 'Experience innovation with the Nova Smart Watch. Introducing our latest collection of wrist watches that redefine style and functionality. Crafted with precision, these watches showcase a perfect blend of modern design and timeless elegance. Whether you\'re dressing up for a formal occasion or adding a touch of sophistication to your everyday look, our wrist watches are the ultimate choice. Explore the intricate dial designs that capture attention from every angle. The durable materials ensure longevity, while the vibrant color options allow you to express your personal style effortlessly. Stay connected with the latest technology through seamless connectivity features. Our watches are equipped with advanced health tracking to monitor your well-being, and the water-resistant build ensures you\'re ready to take on any adventure. With a long-lasting battery life, you can count on your watch to be your reliable companion throughout your day. Enhance your lifestyle with these watches that not only keep you on time but also elevate your fashion game. Experience the future of timekeeping with our wrist watches. Order now and enjoy free shipping and hassle-free returns. Join the ranks of satisfied customers who have made our watches a part of their everyday journey.', 'Smart Watches', 2799.00, 2399.00, 'res/thumbnails/thumbnail9.jpg', 'image25.png,image26.png,image27.png', '11\nNew Review: I love this watch! It looks stylish and feels comfortable.', 4.4, 'Black, Silver', 'Aluminum', 'AMOLED', 'Bluetooth', '2 days', 'Sleep analysis, Voice commands', 'IP67', 'iOS, Android', 'Customizable watch faces', '1 year warranty', '30 days return', 'Users appreciate the stylish design', '42mm case size, Metal band', 'Sleek packaging', 'Nationwide shipping available'),
(10, 'Mystic Smart Watch', 'Unveil the mysteries of smartness with the Mystic Smart Watch. Introducing our latest collection of wrist watches that redefine style and functionality. Crafted with precision, these watches showcase a perfect blend of modern design and timeless elegance. Whether you\'re dressing up for a formal occasion or adding a touch of sophistication to your everyday look, our wrist watches are the ultimate choice. Explore the intricate dial designs that capture attention from every angle. The durable materials ensure longevity, while the vibrant color options allow you to express your personal style effortlessly. Stay connected with the latest technology through seamless connectivity features. Our watches are equipped with advanced health tracking to monitor your well-being, and the water-resistant build ensures you\'re ready to take on any adventure. With a long-lasting battery life, you can count on your watch to be your reliable companion throughout your day. Enhance your lifestyle with these watches that not only keep you on time but also elevate your fashion game. Experience the future of timekeeping with our wrist watches. Order now and enjoy free shipping and hassle-free returns. Join the ranks of satisfied customers who have made our watches a part of their everyday journey.', 'Smart Watches', 2399.00, 1999.00, 'res/thumbnails/thumbnail10.jpg', 'image28.png,image29.png,image30.png', '13\nNew Review: I love this watch! It looks stylish and feels comfortable.', 4.3, 'Black, Purple', 'Stainless Steel', 'OLED', 'Bluetooth, Wi-Fi', '2 days', 'Health tracker, Sleep insights', 'IP68', 'iOS, Android', 'Fitness challenges', '2 years warranty', '45 days return', 'Customers love the vibrant display', '44mm case size, Silicone band', 'Stylish packaging', 'Countrywide shipping available'),
(11, 'Flora Smart Watch', 'Blossom your style with the Flora Smart Watch. Introducing our latest collection of wrist watches that redefine style and functionality. Crafted with precision, these watches showcase a perfect blend of modern design and timeless elegance. Whether you\'re dressing up for a formal occasion or adding a touch of sophistication to your everyday look, our wrist watches are the ultimate choice. Explore the intricate dial designs that capture attention from every angle. The durable materials ensure longevity, while the vibrant color options allow you to express your personal style effortlessly. Stay connected with the latest technology through seamless connectivity features. Our watches are equipped with advanced health tracking to monitor your well-being, and the water-resistant build ensures you\'re ready to take on any adventure. With a long-lasting battery life, you can count on your watch to be your reliable companion throughout your day. Enhance your lifestyle with these watches that not only keep you on time but also elevate your fashion game. Experience the future of timekeeping with our wrist watches. Order now and enjoy free shipping and hassle-free returns. Join the ranks of satisfied customers who have made our watches a part of their everyday journey.', 'Smart Watches', 1999.00, 1699.00, 'res/thumbnails/thumbnail11.jpg', 'image31.png,image32.png,image33.png', '7\nNew Review: I love this watch! It looks stylish and feels comfortable.', 4.0, 'Pink, White', 'Plastic', 'LCD', 'Bluetooth', '1.5 days', 'Step counter, Heart rate monitor', 'IP65', 'iOS, Android', 'Fitness challenges', '1 year warranty', '30 days return', 'Mixed reviews about strap comfort', '38mm case size, Silicone band', 'Simple packaging', 'Free local shipping'),
(12, 'Zephyr Smart Watch', 'Feel the breeze of technology with the Zephyr Smart Watch. Introducing our latest collection of wrist watches that redefine style and functionality. Crafted with precision, these watches showcase a perfect blend of modern design and timeless elegance. Whether you\'re dressing up for a formal occasion or adding a touch of sophistication to your everyday look, our wrist watches are the ultimate choice. Explore the intricate dial designs that capture attention from every angle. The durable materials ensure longevity, while the vibrant color options allow you to express your personal style effortlessly. Stay connected with the latest technology through seamless connectivity features. Our watches are equipped with advanced health tracking to monitor your well-being, and the water-resistant build ensures you\'re ready to take on any adventure. With a long-lasting battery life, you can count on your watch to be your reliable companion throughout your day. Enhance your lifestyle with these watches that not only keep you on time but also elevate your fashion game. Experience the future of timekeeping with our wrist watches. Order now and enjoy free shipping and hassle-free returns. Join the ranks of satisfied customers who have made our watches a part of their everyday journey.', 'Smart Watches', 2699.00, 2299.00, 'res/thumbnails/thumbnail12.jpg', 'image34.png,image35.png,image36.png', '15\nNew Review: I love this watch! It looks stylish and feels comfortable.', 4.6, 'Black, Silver', 'Aluminum', 'AMOLED', 'Bluetooth', '2.5 days', 'Fitness tracker, Sleep insights', 'IP68', 'iOS, Android', 'Custom watch faces', '2 years warranty', '45 days return', 'Users praise the comfortable fit', '42mm case size, Metal mesh band', 'Sturdy packaging', 'International shipping available'),
(13, 'Solaris Smart Watch', 'Harness the power of the sun with the Solaris Smart Watch. Introducing our latest collection of wrist watches that redefine style and functionality. Crafted with precision, these watches showcase a perfect blend of modern design and timeless elegance. Whether you\'re dressing up for a formal occasion or adding a touch of sophistication to your everyday look, our wrist watches are the ultimate choice. Explore the intricate dial designs that capture attention from every angle. The durable materials ensure longevity, while the vibrant color options allow you to express your personal style effortlessly. Stay connected with the latest technology through seamless connectivity features. Our watches are equipped with advanced health tracking to monitor your well-being, and the water-resistant build ensures you\'re ready to take on any adventure. With a long-lasting battery life, you can count on your watch to be your reliable companion throughout your day. Enhance your lifestyle with these watches that not only keep you on time but also elevate your fashion game. Experience the future of timekeeping with our wrist watches. Order now and enjoy free shipping and hassle-free returns. Join the ranks of satisfied customers who have made our watches a part of their everyday journey.', 'Smart Watches', 2999.00, 2599.00, 'res/thumbnails/thumbnail13.jpg', 'image37.png,image38.png,image39.png', '18\nNew Review: I love this watch! It looks stylish and feels comfortable.', 4.8, 'Black, Blue', 'Stainless Steel', 'AMOLED', 'Bluetooth, Wi-Fi', '3 days', 'Heart health monitor, Sleep tracking', 'IP67', 'iOS, Android', 'Voice commands', '2 years warranty', '30 days return', 'Customers love the accurate sensors', '46mm case size, Leather band', 'Elegant packaging', 'Worldwide shipping available'),
(14, 'Oceanic Smart Watch', 'Dive into the depths of technology with the Oceanic Smart Watch. Introducing our latest collection of wrist watches that redefine style and functionality. Crafted with precision, these watches showcase a perfect blend of modern design and timeless elegance. Whether you\'re dressing up for a formal occasion or adding a touch of sophistication to your everyday look, our wrist watches are the ultimate choice. Explore the intricate dial designs that capture attention from every angle. The durable materials ensure longevity, while the vibrant color options allow you to express your personal style effortlessly. Stay connected with the latest technology through seamless connectivity features. Our watches are equipped with advanced health tracking to monitor your well-being, and the water-resistant build ensures you\'re ready to take on any adventure. With a long-lasting battery life, you can count on your watch to be your reliable companion throughout your day. Enhance your lifestyle with these watches that not only keep you on time but also elevate your fashion game. Experience the future of timekeeping with our wrist watches. Order now and enjoy free shipping and hassle-free returns. Join the ranks of satisfied customers who have made our watches a part of their everyday journey.', 'Smart Watches', 2499.00, 2099.00, 'res/thumbnails/thumbnail14.jpg', 'image40.png,image41.png,image42.png', '10\nNew Review: I love this watch! It looks stylish and feels comfortable.', 4.1, 'Blue, Teal', 'Plastic', 'LCD', 'Bluetooth', '2 days', 'Swim tracking, Fitness coach', 'IP68', 'iOS, Android', 'Weather updates', '1 year warranty', '30 days return', 'Mixed reviews about app interface', '40mm case size, Silicone band', 'Minimal packaging', 'Domestic shipping available'),
(15, 'Zenith Smart Watch', 'Experience the pinnacle of innovation with the Zenith Smart Watch. Introducing our latest collection of wrist watches that redefine style and functionality. Crafted with precision, these watches showcase a perfect blend of modern design and timeless elegance. Whether you\'re dressing up for a formal occasion or adding a touch of sophistication to your everyday look, our wrist watches are the ultimate choice. Explore the intricate dial designs that capture attention from every angle. The durable materials ensure longevity, while the vibrant color options allow you to express your personal style effortlessly. Stay connected with the latest technology through seamless connectivity features. Our watches are equipped with advanced health tracking to monitor your well-being, and the water-resistant build ensures you\'re ready to take on any adventure. With a long-lasting battery life, you can count on your watch to be your reliable companion throughout your day. Enhance your lifestyle with these watches that not only keep you on time but also elevate your fashion game. Experience the future of timekeeping with our wrist watches. Order now and enjoy free shipping and hassle-free returns. Join the ranks of satisfied customers who have made our watches a part of their everyday journey.', 'Smart Watches', 2799.00, 2399.00, 'res/thumbnails/thumbnail15.jpg', 'image43.png,image44.png,image45.png', '12\nNew Review: I love this watch! It looks stylish and feels comfortable.', 4.4, 'Black, Silver', 'Aluminum', 'AMOLED', 'Bluetooth', '2 days', 'Sleep analysis, Voice commands', 'IP67', 'iOS, Android', 'Customizable watch faces', '1 year warranty', '30 days return', 'Users appreciate the stylish design', '42mm case size, Metal band', 'Sleek packaging', 'Nationwide shipping available'),
(16, 'Mystique Smart Watch', 'Unveil the enigma of smartness with the Mystique Smart Watch. Introducing our latest collection of wrist watches that redefine style and functionality. Crafted with precision, these watches showcase a perfect blend of modern design and timeless elegance. Whether you\'re dressing up for a formal occasion or adding a touch of sophistication to your everyday look, our wrist watches are the ultimate choice. Explore the intricate dial designs that capture attention from every angle. The durable materials ensure longevity, while the vibrant color options allow you to express your personal style effortlessly. Stay connected with the latest technology through seamless connectivity features. Our watches are equipped with advanced health tracking to monitor your well-being, and the water-resistant build ensures you\'re ready to take on any adventure. With a long-lasting battery life, you can count on your watch to be your reliable companion throughout your day. Enhance your lifestyle with these watches that not only keep you on time but also elevate your fashion game. Experience the future of timekeeping with our wrist watches. Order now and enjoy free shipping and hassle-free returns. Join the ranks of satisfied customers who have made our watches a part of their everyday journey.', 'Smart Watches', 2399.00, 1999.00, 'res/thumbnails/thumbnail16.jpg', 'image46.png,image47.png,image48.png', '14\nNew Review: I love this watch! It looks stylish and feels comfortable.', 4.3, 'Black, Purple', 'Stainless Steel', 'OLED', 'Bluetooth, Wi-Fi', '2 days', 'Health tracker, Sleep insights', 'IP68', 'iOS, Android', 'Fitness challenges', '2 years warranty', '45 days return', 'Customers love the vibrant display', '44mm case size, Silicone band', 'Stylish packaging', 'Countrywide shipping available'),
(17, 'EcoSmart Watch', 'Embrace sustainability with the EcoSmart Watch. Introducing our latest collection of wrist watches that redefine style and functionality. Crafted with precision, these watches showcase a perfect blend of modern design and timeless elegance. Whether you\'re dressing up for a formal occasion or adding a touch of sophistication to your everyday look, our wrist watches are the ultimate choice. Explore the intricate dial designs that capture attention from every angle. The durable materials ensure longevity, while the vibrant color options allow you to express your personal style effortlessly. Stay connected with the latest technology through seamless connectivity features. Our watches are equipped with advanced health tracking to monitor your well-being, and the water-resistant build ensures you\'re ready to take on any adventure. With a long-lasting battery life, you can count on your watch to be your reliable companion throughout your day. Enhance your lifestyle with these watches that not only keep you on time but also elevate your fashion game. Experience the future of timekeeping with our wrist watches. Order now and enjoy free shipping and hassle-free returns. Join the ranks of satisfied customers who have made our watches a part of their everyday journey.', 'Smart Watches', 1999.00, 1699.00, 'res/thumbnails/thumbnail17.jpg', 'image49.png,image50.png,image51.png', '6\nNew Review: I love this watch! It looks stylish and feels comfortable.', 4.0, 'Green, Brown', 'Recycled Plastic', 'LCD', 'Bluetooth', '1.5 days', 'Step counter, Heart rate monitor', 'IP65', 'iOS, Android', 'Fitness challenges', '1 year warranty', '30 days return', 'Mixed reviews about strap comfort', '38mm case size, Silicone band', 'Simple packaging', 'Free local shipping'),
(18, 'Terra Smart Watch', 'Connect with the earth through the Terra Smart Watch. Introducing our latest collection of wrist watches that redefine style and functionality. Crafted with precision, these watches showcase a perfect blend of modern design and timeless elegance. Whether you\'re dressing up for a formal occasion or adding a touch of sophistication to your everyday look, our wrist watches are the ultimate choice. Explore the intricate dial designs that capture attention from every angle. The durable materials ensure longevity, while the vibrant color options allow you to express your personal style effortlessly. Stay connected with the latest technology through seamless connectivity features. Our watches are equipped with advanced health tracking to monitor your well-being, and the water-resistant build ensures you\'re ready to take on any adventure. With a long-lasting battery life, you can count on your watch to be your reliable companion throughout your day. Enhance your lifestyle with these watches that not only keep you on time but also elevate your fashion game. Experience the future of timekeeping with our wrist watches. Order now and enjoy free shipping and hassle-free returns. Join the ranks of satisfied customers who have made our watches a part of their everyday journey.', 'Smart Watches', 2699.00, 2299.00, 'res/thumbnails/thumbnail18.jpg', 'image52.png,image53.png,image54.png', '16\nNew Review: I love this watch! It looks stylish and feels comfortable.', 4.6, 'Black, Silver', 'Aluminum', 'AMOLED', 'Bluetooth', '2.5 days', 'Fitness tracker, Sleep insights', 'IP68', 'iOS, Android', 'Custom watch faces', '2 years warranty', '45 days return', 'Users praise the comfortable fit', '42mm case size, Metal mesh band', 'Sturdy packaging', 'International shipping available'),
(19, 'Nebula Smart Watch', 'Explore the depths of the cosmos with the Nebula Smart Watch. Introducing our latest collection of wrist watches that redefine style and functionality. Crafted with precision, these watches showcase a perfect blend of modern design and timeless elegance. Whether you\'re dressing up for a formal occasion or adding a touch of sophistication to your everyday look, our wrist watches are the ultimate choice. Explore the intricate dial designs that capture attention from every angle. The durable materials ensure longevity, while the vibrant color options allow you to express your personal style effortlessly. Stay connected with the latest technology through seamless connectivity features. Our watches are equipped with advanced health tracking to monitor your well-being, and the water-resistant build ensures you\'re ready to take on any adventure. With a long-lasting battery life, you can count on your watch to be your reliable companion throughout your day. Enhance your lifestyle with these watches that not only keep you on time but also elevate your fashion game. Experience the future of timekeeping with our wrist watches. Order now and enjoy free shipping and hassle-free returns. Join the ranks of satisfied customers who have made our watches a part of their everyday journey.', 'Smart Watches', 2999.00, 2599.00, 'res/thumbnails/thumbnail19.jpg', 'image55.png,image56.png,image57.png', '20\nNew Review: I love this watch! It looks stylish and feels comfortable.', 4.8, 'Black, Blue', 'Stainless Steel', 'AMOLED', 'Bluetooth, Wi-Fi', '3 days', 'Heart health monitor, Sleep tracking', 'IP67', 'iOS, Android', 'Voice commands', '2 years warranty', '30 days return', 'Customers love the accurate sensors', '46mm case size, Leather band', 'Elegant packaging', 'Worldwide shipping available'),
(20, 'Ember Smart Watch', 'Ignite your style with the Ember Smart Watch. Introducing our latest collection of wrist watches that redefine style and functionality. Crafted with precision, these watches showcase a perfect blend of modern design and timeless elegance. Whether you\'re dressing up for a formal occasion or adding a touch of sophistication to your everyday look, our wrist watches are the ultimate choice. Explore the intricate dial designs that capture attention from every angle. The durable materials ensure longevity, while the vibrant color options allow you to express your personal style effortlessly. Stay connected with the latest technology through seamless connectivity features. Our watches are equipped with advanced health tracking to monitor your well-being, and the water-resistant build ensures you\'re ready to take on any adventure. With a long-lasting battery life, you can count on your watch to be your reliable companion throughout your day. Enhance your lifestyle with these watches that not only keep you on time but also elevate your fashion game. Experience the future of timekeeping with our wrist watches. Order now and enjoy free shipping and hassle-free returns. Join the ranks of satisfied customers who have made our watches a part of their everyday journey.', 'Smart Watches', 2499.00, 2099.00, 'res/thumbnails/thumbnail20.jpg', 'image58.png,image59.png,image60.png', '10\nNew Review: I love this watch! It looks stylish and feels comfortable.', 4.1, 'Red, Orange', 'Plastic', 'LCD', 'Bluetooth', '2 days', 'Swim tracking, Fitness coach', 'IP68', 'iOS, Android', 'Weather updates', '1 year warranty', '30 days return', 'Mixed reviews about app interface', '40mm case size, Silicone band', 'Minimal packaging', 'Domestic shipping available'),
(29, 'Elegance Gemstone Watch', 'Experience unparalleled luxury with the Elegance Gemstone Watch, a masterpiece adorned with exquisite gems and diamonds. Crafted to perfection, this timepiece is a true reflection of opulence and sophistication. Its shimmering display showcases a mesmerizing array of colors, capturing the essence of elegance with every glance. With enhanced health features, seamless connectivity, and an extended battery life, the Elegance Gemstone Watch is not just a watch; it\'s a statement of timeless beauty and technological excellence. Introducing our latest collection of wrist watches that redefine style and functionality. Crafted with precision, these watches showcase a perfect blend of modern design and timeless elegance. Whether you\'re dressing up for a formal occasion or adding a touch of sophistication to your everyday look, our wrist watches are the ultimate choice. Explore the intricate dial designs that capture attention from every angle. The durable materials ensure longevity, while the vibrant color options allow you to express your personal style effortlessly. Stay connected with the latest technology through seamless connectivity features. Our watches are equipped with advanced health tracking to monitor your well-being, and the water-resistant build ensures you\'re ready to take on any adventure. With a long-lasting battery life, you can count on your watch to be your reliable companion throughout your day. Enhance your lifestyle with these watches that not only keep you on time but also elevate your fashion game. Experience the future of timekeeping with our wrist watches. Order now and enjoy free shipping and hassle-free returns. Join the ranks of satisfied customers who have made our watches a part of their everyday journey.', 'Luxury Collection', 9999.00, 8999.00, 'res/thumbnails/costly_thumbnail1.jpg', 'costly_image1.png,costly_image2.png,costly_image3.png', '25\nNew Review: I love this watch! It looks stylish and feels comfortable.', 4.9, 'Gold with Sapphire, Rose Gold with Ruby', '18K Gold, Diamonds', 'AMOLED', 'Bluetooth, Wi-Fi, LTE', '5 days', 'Advanced health tracking, Virtual personal assistant', 'IP68', 'iOS, Android', 'Customizable watch faces, Exclusive app experiences', '3 years warranty', '60 days return', 'Astonishingly beautiful and exquisite, a true work of art', '42mm case size, Diamond-studded band', 'Luxury wooden box', 'Global shipping available'),
(30, 'Diamond Brilliance Watch', 'Indulge in the unmatched radiance of the Diamond Brilliance Watch, a symbol of sophistication and prestige. Immaculately designed with precision-cut diamonds and gleaming gems, this timepiece captures the essence of luxury in every facet. Its vivid and lifelike display showcases vibrant colors and detailed graphics, offering a feast for the eyes. Enhanced health monitoring, seamless connectivity, and an extended battery life make the Diamond Brilliance Watch a fusion of high-end style and cutting-edge technology. Elevate your presence with a watch that speaks volumes of your discerning taste. Introducing our latest collection of wrist watches that redefine style and functionality. Crafted with precision, these watches showcase a perfect blend of modern design and timeless elegance. Whether you\'re dressing up for a formal occasion or adding a touch of sophistication to your everyday look, our wrist watches are the ultimate choice. Explore the intricate dial designs that capture attention from every angle. The durable materials ensure longevity, while the vibrant color options allow you to express your personal style effortlessly. Stay connected with the latest technology through seamless connectivity features. Our watches are equipped with advanced health tracking to monitor your well-being, and the water-resistant build ensures you\'re ready to take on any adventure. With a long-lasting battery life, you can count on your watch to be your reliable companion throughout your day. Enhance your lifestyle with these watches that not only keep you on time but also elevate your fashion game. Experience the future of timekeeping with our wrist watches. Order now and enjoy free shipping and hassle-free returns. Join the ranks of satisfied customers who have made our watches a part of their everyday journey.', 'Luxury Collection', 10999.00, 9999.00, 'res/thumbnails/costly_thumbnail2.jpg', 'costly_image4.png,costly_image5.png,costly_image6.png', '30\nNew Review: I love this watch! It looks stylish and feels comfortable.', 4.9, 'Platinum with Diamonds, White Gold with Emerald', 'Platinum, Diamonds', 'AMOLED', 'Bluetooth, Wi-Fi, LTE', '7 days', 'Comprehensive health suite, AI-powered assistant', 'IP68', 'iOS, Android', 'Immersive watch face library, Bespoke app experiences', '5 years warranty', '90 days return', 'Exquisite craftsmanship that radiates sheer brilliance', '40mm case size, Diamond-encrusted band', 'Premium jewelry box', 'International shipping available'),
(31, 'Royal Gemstone Watch', 'Step into a world of royalty and extravagance with the Royal Gemstone Watch, a masterpiece adorned with regal gemstones and sparkling diamonds. Immerse yourself in the allure of its stunning AMOLED display, which showcases rich and vibrant visuals like never before. Seamlessly integrating with your lifestyle, this watch offers advanced health insights, seamless connectivity, and an extended battery life that keeps pace with your ambitions. Elevate your status with the Royal Gemstone Watch, an embodiment of prestige and power. Introducing our latest collection of wrist watches that redefine style and functionality. Crafted with precision, these watches showcase a perfect blend of modern design and timeless elegance. Whether you\'re dressing up for a formal occasion or adding a touch of sophistication to your everyday look, our wrist watches are the ultimate choice. Explore the intricate dial designs that capture attention from every angle. The durable materials ensure longevity, while the vibrant color options allow you to express your personal style effortlessly. Stay connected with the latest technology through seamless connectivity features. Our watches are equipped with advanced health tracking to monitor your well-being, and the water-resistant build ensures you\'re ready to take on any adventure. With a long-lasting battery life, you can count on your watch to be your reliable companion throughout your day. Enhance your lifestyle with these watches that not only keep you on time but also elevate your fashion game. Experience the future of timekeeping with our wrist watches. Order now and enjoy free shipping and hassle-free returns. Join the ranks of satisfied customers who have made our watches a part of their everyday journey.', 'Luxury Collection', 11999.00, 10999.00, 'res/thumbnails/costly_thumbnail3.jpg', 'costly_image7.png,costly_image8.png,costly_image9.png', '40\nNew Review: I love this watch! It looks stylish and feels comfortable.', 4.8, 'Yellow Gold with Diamonds, White Gold with Sapphire', '18K Gold, Diamonds', 'AMOLED', 'Bluetooth, Wi-Fi, LTE', '7 days', 'Comprehensive health suite, AI-powered assistant', 'IP68', 'iOS, Android', 'Exquisite watch face collection, Premium app experiences', '5 years warranty', '90 days return', 'A true testament to luxury and grandeur', '44mm case size, Diamond-encrusted band', 'Luxury leather box', 'Worldwide shipping available'),
(32, 'Opulent Diamond Watch', 'Step into a realm of opulence with the Opulent Diamond Watch, a true masterpiece that embodies extravagance and refinement. Crafted with meticulous attention to detail, this watch boasts an array of pristine diamonds and gemstones that create a captivating mosaic of light and brilliance. Its vibrant and high-definition display brings your world to life with stunning clarity and depth. Seamlessly fusing luxury with technology, the Opulent Diamond Watch offers advanced health insights, seamless connectivity, and an extended battery life that keeps pace with your lifestyle. Elevate your presence with a watch that exudes unparalleled magnificence. Introducing our latest collection of wrist watches that redefine style and functionality. Crafted with precision, these watches showcase a perfect blend of modern design and timeless elegance. Whether you\'re dressing up for a formal occasion or adding a touch of sophistication to your everyday look, our wrist watches are the ultimate choice. Explore the intricate dial designs that capture attention from every angle. The durable materials ensure longevity, while the vibrant color options allow you to express your personal style effortlessly. Stay connected with the latest technology through seamless connectivity features. Our watches are equipped with advanced health tracking to monitor your well-being, and the water-resistant build ensures you\'re ready to take on any adventure. With a long-lasting battery life, you can count on your watch to be your reliable companion throughout your day. Enhance your lifestyle with these watches that not only keep you on time but also elevate your fashion game. Experience the future of timekeeping with our wrist watches. Order now and enjoy free shipping and hassle-free returns. Join the ranks of satisfied customers who have made our watches a part of their everyday journey.', 'Luxury Collection', 12999.00, 11999.00, 'res/thumbnails/costly_thumbnail4.jpg', 'costly_image10.png,costly_image11.png,costly_image12.png', '35\nNew Review: I love this watch! It looks stylish and feels comfortable.', 4.9, 'Platinum with Diamonds, Rose Gold with Ruby', 'Platinum, Diamonds', 'AMOLED', 'Bluetooth, Wi-Fi, LTE', '6 days', 'Comprehensive health suite, AI-powered assistant', 'IP68', 'iOS, Android', 'Exquisite watch face collection, Premium app experiences', '5 years warranty', '90 days return', 'A masterpiece of grandeur and sophistication', '42mm case size, Diamond-studded band', 'Luxury wooden box', 'International shipping available'),
(33, 'Diamond Majesty Watch', 'Experience the majesty of diamonds with the Diamond Majesty Watch, an extraordinary timepiece that captures the essence of luxury and brilliance. Adorned with a dazzling array of diamonds and precious gemstones, this watch is a true work of art that radiates opulence from every angle. Its stunning AMOLED display offers a visual spectacle that brings your world to life with vivid colors and intricate details. Seamlessly integrating advanced health tracking, seamless connectivity, and an extended battery life, the Diamond Majesty Watch is a symbol of status and sophistication. Elevate your presence with a watch that reflects your unique and refined taste. Introducing our latest collection of wrist watches that redefine style and functionality. Crafted with precision, these watches showcase a perfect blend of modern design and timeless elegance. Whether you\'re dressing up for a formal occasion or adding a touch of sophistication to your everyday look, our wrist watches are the ultimate choice. Explore the intricate dial designs that capture attention from every angle. The durable materials ensure longevity, while the vibrant color options allow you to express your personal style effortlessly. Stay connected with the latest technology through seamless connectivity features. Our watches are equipped with advanced health tracking to monitor your well-being, and the water-resistant build ensures you\'re ready to take on any adventure. With a long-lasting battery life, you can count on your watch to be your reliable companion throughout your day. Enhance your lifestyle with these watches that not only keep you on time but also elevate your fashion game. Experience the future of timekeeping with our wrist watches. Order now and enjoy free shipping and hassle-free returns. Join the ranks of satisfied customers who have made our watches a part of their everyday journey.', 'Luxury Collection', 13999.00, 12999.00, 'res/thumbnails/costly_thumbnail5.jpg', 'costly_image13.png,costly_image14.png,costly_image15.png', '28\nNew Review: I love this watch! It looks stylish and feels comfortable.', 4.8, 'White Gold with Diamonds, Yellow Gold with Sapphire', '18K Gold, Diamonds', 'AMOLED', 'Bluetooth, Wi-Fi, LTE', '6 days', 'Comprehensive health suite, AI-powered assistant', 'IP68', 'iOS, Android', 'Exquisite watch faces, Premium app experiences', '5 years warranty', '90 days return', 'A masterpiece that radiates unparalleled luxury', '44mm case size, Diamond-encrusted band', 'Luxury leather box', 'Worldwide shipping available');
INSERT INTO `wrist_watch_products` (`product_id`, `title`, `description`, `category`, `price_mrp`, `price_list`, `thumbnail_image`, `product_images`, `reviews`, `ratings`, `colour_options`, `materials`, `display`, `connectivity`, `battery_life`, `health_features`, `water_resistance`, `compatibility`, `additional_features`, `warranty`, `return_policy`, `customer_reviews`, `size_and_dimensions`, `packaging`, `shipping_delivery`) VALUES
(34, 'Gleaming Gemstone Watch', 'Illuminate your world with the Gleaming Gemstone Watch, a dazzling masterpiece that celebrates the beauty of precious gemstones and diamonds. Meticulously designed and exquisitely crafted, this watch is a testament to your refined taste and unwavering style. Its breathtaking AMOLED display showcases vibrant colors and intricate details, immersing you in a visual experience like no other. Seamlessly integrating advanced health tracking, seamless connectivity, and an extended battery life, the Gleaming Gemstone Watch is more than a timepiece; it\'s a statement of prestige and magnificence. Elevate your presence with a watch that reflects your opulent lifestyle. Introducing our latest collection of wrist watches that redefine style and functionality. Crafted with precision, these watches showcase a perfect blend of modern design and timeless elegance. Whether you\'re dressing up for a formal occasion or adding a touch of sophistication to your everyday look, our wrist watches are the ultimate choice. Explore the intricate dial designs that capture attention from every angle. The durable materials ensure longevity, while the vibrant color options allow you to express your personal style effortlessly. Stay connected with the latest technology through seamless connectivity features. Our watches are equipped with advanced health tracking to monitor your well-being, and the water-resistant build ensures you\'re ready to take on any adventure. With a long-lasting battery life, you can count on your watch to be your reliable companion throughout your day. Enhance your lifestyle with these watches that not only keep you on time but also elevate your fashion game. Experience the future of timekeeping with our wrist watches. Order now and enjoy free shipping and hassle-free returns. Join the ranks of satisfied customers who have made our watches a part of their everyday journey.', 'Luxury Collection', 14999.00, 13999.00, 'res/thumbnails/costly_thumbnail6.jpg', 'costly_image16.png,costly_image17.png,costly_image18.png', '22\nNew Review: I love this watch! It looks stylish and feels comfortable.', 4.9, 'Platinum with Diamonds, White Gold with Sapphire', '18K Gold, Diamonds', 'AMOLED', 'Bluetooth, Wi-Fi, LTE', '5 days', 'Comprehensive health suite, AI-powered assistant', 'IP68', 'iOS, Android', 'Exquisite watch face collection, Premium app experiences', '5 years warranty', '90 days return', 'A masterpiece of timeless beauty and technological excellence', '42mm case size, Diamond-encrusted band', 'Luxury wooden box', 'Worldwide shipping available'),
(35, 'Regal Gemstone Watch', 'Experience unparalleled luxury with the Regal Gemstone Watch, a true marvel of artistry and luxury. Impeccably adorned with an array of precious gems and diamonds, this watch evokes a sense of grandeur and prestige. Its breathtaking AMOLED display delivers stunning visuals that immerse you in a world of opulence and refinement. Seamlessly fusing advanced health tracking, seamless connectivity, and an extended battery life, the Regal Gemstone Watch is a testament to your discerning taste and uncompromising style. Elevate your presence with a watch that illuminates your world with sheer brilliance. Introducing our latest collection of wrist watches that redefine style and functionality. Crafted with precision, these watches showcase a perfect blend of modern design and timeless elegance. Whether you\'re dressing up for a formal occasion or adding a touch of sophistication to your everyday look, our wrist watches are the ultimate choice. Explore the intricate dial designs that capture attention from every angle. The durable materials ensure longevity, while the vibrant color options allow you to express your personal style effortlessly. Stay connected with the latest technology through seamless connectivity features. Our watches are equipped with advanced health tracking to monitor your well-being, and the water-resistant build ensures you\'re ready to take on any adventure. With a long-lasting battery life, you can count on your watch to be your reliable companion throughout your day. Enhance your lifestyle with these watches that not only keep you on time but also elevate your fashion game. Experience the future of timekeeping with our wrist watches. Order now and enjoy free shipping and hassle-free returns. Join the ranks of satisfied customers who have made our watches a part of their everyday journey.', 'Luxury Collection', 15999.00, 14999.00, 'res/thumbnails/costly_thumbnail7.jpg', 'costly_image19.png,costly_image20.png,costly_image21.png', '18\nNew Review: I love this watch! It looks stylish and feels comfortable.', 4.9, 'Rose Gold with Diamonds, Platinum with Ruby', '18K Gold, Diamonds', 'AMOLED', 'Bluetooth, Wi-Fi, LTE', '6 days', 'Comprehensive health suite, AI-powered assistant', 'IP68', 'iOS, Android', 'Exquisite watch face collection, Premium app experiences', '5 years warranty', '90 days return', 'A watch that defines grandeur and prestige', '44mm case size, Diamond-studded band', 'Elegant jewelry box', 'International shipping available'),
(36, 'Glimmering Diamond Watch', 'Embrace the allure of the Glimmering Diamond Watch, a stunning masterpiece that radiates beauty and extravagance. Exquisitely adorned with a mesmerizing array of diamonds and gems, this watch is a true work of art that captures the essence of opulence. Its vibrant and lifelike AMOLED display showcases vivid colors and intricate details, offering a visual feast that tantalizes the senses. Seamlessly fusing luxury with technology, the Glimmering Diamond Watch offers advanced health insights, seamless connectivity, and an extended battery life that keeps pace with your dynamic lifestyle. Elevate your presence with a watch that illuminates your world with sheer brilliance. Introducing our latest collection of wrist watches that redefine style and functionality. Crafted with precision, these watches showcase a perfect blend of modern design and timeless elegance. Whether you\'re dressing up for a formal occasion or adding a touch of sophistication to your everyday look, our wrist watches are the ultimate choice. Explore the intricate dial designs that capture attention from every angle. The durable materials ensure longevity, while the vibrant color options allow you to express your personal style effortlessly. Stay connected with the latest technology through seamless connectivity features. Our watches are equipped with advanced health tracking to monitor your well-being, and the water-resistant build ensures you\'re ready to take on any adventure. With a long-lasting battery life, you can count on your watch to be your reliable companion throughout your day. Enhance your lifestyle with these watches that not only keep you on time but also elevate your fashion game. Experience the future of timekeeping with our wrist watches. Order now and enjoy free shipping and hassle-free returns. Join the ranks of satisfied customers who have made our watches a part of their everyday journey.', 'Luxury Collection', 16999.00, 15999.00, 'res/thumbnails/costly_thumbnail8.jpg', 'costly_image22.png,costly_image23.png,costly_image24.png', '20\nNew Review: I love this watch! It looks stylish and feels comfortable.', 4.9, 'White Gold with Sapphire, Yellow Gold with Diamonds', '18K Gold, Diamonds', 'AMOLED', 'Bluetooth, Wi-Fi, LTE', '6 days', 'Advanced health monitoring, AI-powered assistant', 'IP68', 'iOS, Android', 'Exquisite watch faces, Premium app experiences', '5 years warranty', '90 days return', 'A true masterpiece that shimmers with elegance', '42mm case size, Diamond-encrusted band', 'Luxury wooden box', 'Global shipping available'),
(41, 'Elegant Gold-Silver Smart Watch', 'Experience the epitome of elegance with the Elegant Gold-Silver Smart Watch. Crafted with a perfect blend of gold and silver, this watch exudes a royal charm that complements your distinctive style. Its vibrant AMOLED display delivers stunning visuals that captivate your senses. Seamlessly integrating health tracking, seamless connectivity, and an extended battery life, this watch is your ideal companion for both work and leisure. Elevate your look with the Elegant Gold-Silver Smart Watch, a perfect blend of sophistication and innovation. Introducing our latest collection of wrist watches that redefine style and functionality. Crafted with precision, these watches showcase a perfect blend of modern design and timeless elegance. Whether you\'re dressing up for a formal occasion or adding a touch of sophistication to your everyday look, our wrist watches are the ultimate choice. Explore the intricate dial designs that capture attention from every angle. The durable materials ensure longevity, while the vibrant color options allow you to express your personal style effortlessly. Stay connected with the latest technology through seamless connectivity features. Our watches are equipped with advanced health tracking to monitor your well-being, and the water-resistant build ensures you\'re ready to take on any adventure. With a long-lasting battery life, you can count on your watch to be your reliable companion throughout your day. Enhance your lifestyle with these watches that not only keep you on time but also elevate your fashion game. Experience the future of timekeeping with our wrist watches. Order now and enjoy free shipping and hassle-free returns. Join the ranks of satisfied customers who have made our watches a part of their everyday journey.', 'Metal Smart Watches', 6999.00, 5999.00, 'res/thumbnails/thumbnail30.jpg', 'image73.png,image74.png,image75.png', '15\nNew Review: I love this watch! It looks stylish and feels comfortable.', 4.5, 'Gold-Silver Mix', 'Stainless Steel', 'AMOLED', 'Bluetooth, Wi-Fi', '2.5 days', 'Health monitoring, Voice commands', 'IP67', 'iOS, Android', 'Customizable watch faces', '2 years warranty', '45 days return', 'Users love the elegant design', '40mm case size, Metal band', 'Stylish packaging', 'Global shipping available'),
(42, 'Royal Silver-Gold Smart Watch', 'Indulge in the regal elegance of the Royal Silver-Gold Smart Watch. With a striking silver-gold strap and a mesmerizing AMOLED display, this watch reflects your refined taste and uncompromising style. Seamlessly integrating health insights, seamless connectivity, and an extended battery life, it keeps up with your dynamic lifestyle. Elevate your presence with the Royal Silver-Gold Smart Watch, a true masterpiece that brings a touch of royalty to your everyday moments. Introducing our latest collection of wrist watches that redefine style and functionality. Crafted with precision, these watches showcase a perfect blend of modern design and timeless elegance. Whether you\'re dressing up for a formal occasion or adding a touch of sophistication to your everyday look, our wrist watches are the ultimate choice. Explore the intricate dial designs that capture attention from every angle. The durable materials ensure longevity, while the vibrant color options allow you to express your personal style effortlessly. Stay connected with the latest technology through seamless connectivity features. Our watches are equipped with advanced health tracking to monitor your well-being, and the water-resistant build ensures you\'re ready to take on any adventure. With a long-lasting battery life, you can count on your watch to be your reliable companion throughout your day. Enhance your lifestyle with these watches that not only keep you on time but also elevate your fashion game. Experience the future of timekeeping with our wrist watches. Order now and enjoy free shipping and hassle-free returns. Join the ranks of satisfied customers who have made our watches a part of their everyday journey.', 'Metal Smart Watches', 7499.00, 6499.00, 'res/thumbnails/thumbnail31.jpg', 'image76.png,image77.png,image78.png', '12\nNew Review: I love this watch! It looks stylish and feels comfortable.', 4.3, 'Silver-Gold Mix', 'Stainless Steel', 'AMOLED', 'Bluetooth, Wi-Fi', '2 days', 'Health tracking, Call & message notifications', 'IP68', 'iOS, Android', 'Customizable watch faces', '2 years warranty', '45 days return', 'Customers praise the royal appearance', '42mm case size, Metal band', 'Premium packaging', 'International shipping available'),
(43, 'Regal Gold-Silver Smart Watch', 'Step into a world of sophistication with the Regal Gold-Silver Smart Watch. Designed with a harmonious fusion of gold and silver, this watch radiates an air of regality that sets you apart. Its vivid AMOLED display showcases vibrant colors and intricate details, captivating your senses with every glance. Seamlessly integrating advanced health tracking, seamless connectivity, and an extended battery life, the Regal Gold-Silver Smart Watch is a symbol of elegance and innovation. Elevate your style with a watch that embodies your royal essence. Introducing our latest collection of wrist watches that redefine style and functionality. Crafted with precision, these watches showcase a perfect blend of modern design and timeless elegance. Whether you\'re dressing up for a formal occasion or adding a touch of sophistication to your everyday look, our wrist watches are the ultimate choice. Explore the intricate dial designs that capture attention from every angle. The durable materials ensure longevity, while the vibrant color options allow you to express your personal style effortlessly. Stay connected with the latest technology through seamless connectivity features. Our watches are equipped with advanced health tracking to monitor your well-being, and the water-resistant build ensures you\'re ready to take on any adventure. With a long-lasting battery life, you can count on your watch to be your reliable companion throughout your day. Enhance your lifestyle with these watches that not only keep you on time but also elevate your fashion game. Experience the future of timekeeping with our wrist watches. Order now and enjoy free shipping and hassle-free returns. Join the ranks of satisfied customers who have made our watches a part of their everyday journey.', 'Metal Smart Watches', 7999.00, 6999.00, 'res/thumbnails/thumbnail32.jpg', 'image79.png,image80.png,image81.png', '18\nNew Review: I love this watch! It looks stylish and feels comfortable.', 4.6, 'Gold-Silver Mix', 'Stainless Steel', 'AMOLED', 'Bluetooth, Wi-Fi', '2.5 days', 'Advanced health monitoring, Virtual assistant', 'IP68', 'iOS, Android', 'Custom watch faces', '2 years warranty', '45 days return', 'Customers love the elegant and royal look', '44mm case size, Metal band', 'Luxury packaging', 'Worldwide shipping available'),
(44, 'Majestic Silver-Gold Smart Watch', 'Experience the majesty of the Majestic Silver-Gold Smart Watch, a true masterpiece that combines silver and gold in a harmonious design. Impeccably crafted with attention to detail, this watch radiates a sense of majesty and elegance that captivates your every glance. Its vibrant AMOLED display offers stunning visuals that immerse you in a world of luxury and sophistication. Seamlessly integrating advanced health tracking, seamless connectivity, and an extended battery life, the Majestic Silver-Gold Smart Watch is a testament to your discerning taste and style. Elevate your presence with a watch that exudes timeless elegance and regal allure. Introducing our latest collection of wrist watches that redefine style and functionality. Crafted with precision, these watches showcase a perfect blend of modern design and timeless elegance. Whether you\'re dressing up for a formal occasion or adding a touch of sophistication to your everyday look, our wrist watches are the ultimate choice. Explore the intricate dial designs that capture attention from every angle. The durable materials ensure longevity, while the vibrant color options allow you to express your personal style effortlessly. Stay connected with the latest technology through seamless connectivity features. Our watches are equipped with advanced health tracking to monitor your well-being, and the water-resistant build ensures you\'re ready to take on any adventure. With a long-lasting battery life, you can count on your watch to be your reliable companion throughout your day. Enhance your lifestyle with these watches that not only keep you on time but also elevate your fashion game. Experience the future of timekeeping with our wrist watches. Order now and enjoy free shipping and hassle-free returns. Join the ranks of satisfied customers who have made our watches a part of their everyday journey.', 'Metal Smart Watches', 8499.00, 7499.00, 'res/thumbnails/thumbnail33.jpg', 'image82.png,image83.png,image84.png', '20\nNew Review: I love this watch! It looks stylish and feels comfortable.', 4.8, 'Silver-Gold Mix', 'Stainless Steel', 'AMOLED', 'Bluetooth, Wi-Fi', '3 days', 'Comprehensive health suite, AI-powered assistant', 'IP68', 'iOS, Android', 'Exquisite watch faces, Premium app experiences', '2 years warranty', '45 days return', 'A watch that combines elegance and innovation', '42mm case size, Metal band', 'Elegant packaging', 'International shipping available'),
(45, 'Neon Fusion Watch', 'Experience the vibrant energy with the Neon Fusion Watch. Introducing our latest collection of wrist watches that redefine style and functionality. Crafted with precision, these watches showcase a perfect blend of modern design and timeless elegance. Whether you\'re dressing up for a formal occasion or adding a touch of sophistication to your everyday look, our wrist watches are the ultimate choice. Explore the intricate dial designs that capture attention from every angle. The durable materials ensure longevity, while the vibrant color options allow you to express your personal style effortlessly. Stay connected with the latest technology through seamless connectivity features. Our watches are equipped with advanced health tracking to monitor your well-being, and the water-resistant build ensures you\'re ready to take on any adventure. With a long-lasting battery life, you can count on your watch to be your reliable companion throughout your day. Enhance your lifestyle with these watches that not only keep you on time but also elevate your fashion game. Experience the future of timekeeping with our wrist watches. Order now and enjoy free shipping and hassle-free returns. Join the ranks of satisfied customers who have made our watches a part of their everyday journey.', 'Special Edition', 2799.00, 2399.00, 'res/thumbnails/neon_thumbnail1.jpg', 'neon_image1.png,neon_image2.png,neon_image3.png', '12\nNew Review: I love this watch! It looks stylish and feels comfortable.', 4.4, 'Neon Green, Neon Pink', 'Stainless Steel', 'AMOLED', 'Bluetooth', '2.5 days', 'Fitness tracker, Sleep insights', 'IP68', 'iOS, Android', 'Custom watch faces', '2 years warranty', '45 days return', 'Limited edition design with positive feedback', '42mm case size, Silicone band', 'Stylish packaging', 'International shipping available'),
(46, 'Luminous Neon Watch', 'Radiate with the Luminous Neon Watch. Introducing our latest collection of wrist watches that redefine style and functionality. Crafted with precision, these watches showcase a perfect blend of modern design and timeless elegance. Whether you\'re dressing up for a formal occasion or adding a touch of sophistication to your everyday look, our wrist watches are the ultimate choice. Explore the intricate dial designs that capture attention from every angle. The durable materials ensure longevity, while the vibrant color options allow you to express your personal style effortlessly. Stay connected with the latest technology through seamless connectivity features. Our watches are equipped with advanced health tracking to monitor your well-being, and the water-resistant build ensures you\'re ready to take on any adventure. With a long-lasting battery life, you can count on your watch to be your reliable companion throughout your day. Enhance your lifestyle with these watches that not only keep you on time but also elevate your fashion game. Experience the future of timekeeping with our wrist watches. Order now and enjoy free shipping and hassle-free returns. Join the ranks of satisfied customers who have made our watches a part of their everyday journey.', 'Special Edition', 2999.00, 2599.00, 'res/thumbnails/neon_thumbnail2.jpg', 'neon_image4.png,neon_image5.png,neon_image6.png', '15\nNew Review: I love this watch! It looks stylish and feels comfortable.', 4.8, 'Neon Blue, Neon Orange', 'Aluminum', 'AMOLED', 'Bluetooth, Wi-Fi', '3 days', 'Health tracker, Sleep tracking', 'IP67', 'iOS, Android', 'Voice commands', '2 years warranty', '30 days return', 'Customers appreciate the vibrant and unique design', '44mm case size, Metal band', 'Elegant packaging', 'Worldwide shipping available'),
(47, 'Vivid Neon Watch', 'Live life in full color with the Vivid Neon Watch. Introducing our latest collection of wrist watches that redefine style and functionality. Crafted with precision, these watches showcase a perfect blend of modern design and timeless elegance. Whether you\'re dressing up for a formal occasion or adding a touch of sophistication to your everyday look, our wrist watches are the ultimate choice. Explore the intricate dial designs that capture attention from every angle. The durable materials ensure longevity, while the vibrant color options allow you to express your personal style effortlessly. Stay connected with the latest technology through seamless connectivity features. Our watches are equipped with advanced health tracking to monitor your well-being, and the water-resistant build ensures you\'re ready to take on any adventure. With a long-lasting battery life, you can count on your watch to be your reliable companion throughout your day. Enhance your lifestyle with these watches that not only keep you on time but also elevate your fashion game. Experience the future of timekeeping with our wrist watches. Order now and enjoy free shipping and hassle-free returns. Join the ranks of satisfied customers who have made our watches a part of their everyday journey.', 'Special Edition', 2399.00, 1999.00, 'res/thumbnails/neon_thumbnail3.jpg', 'neon_image7.png,neon_image8.png,neon_image9.png', '14\nNew Review: I love this watch! It looks stylish and feels comfortable.', 4.3, 'Neon Yellow, Neon Purple', 'Plastic', 'LCD', 'Bluetooth', '2 days', 'Step counter, Heart rate monitor', 'IP65', 'iOS, Android', 'Fitness challenges', '1 year warranty', '30 days return', 'Mixed reviews about strap comfort', '38mm case size, Silicone band', 'Simple packaging', 'Free local shipping'),
(48, 'Glowing Neon Watch', 'Illuminate your style with the Glowing Neon Watch. Introducing our latest collection of wrist watches that redefine style and functionality. Crafted with precision, these watches showcase a perfect blend of modern design and timeless elegance. Whether you\'re dressing up for a formal occasion or adding a touch of sophistication to your everyday look, our wrist watches are the ultimate choice. Explore the intricate dial designs that capture attention from every angle. The durable materials ensure longevity, while the vibrant color options allow you to express your personal style effortlessly. Stay connected with the latest technology through seamless connectivity features. Our watches are equipped with advanced health tracking to monitor your well-being, and the water-resistant build ensures you\'re ready to take on any adventure. With a long-lasting battery life, you can count on your watch to be your reliable companion throughout your day. Enhance your lifestyle with these watches that not only keep you on time but also elevate your fashion game. Experience the future of timekeeping with our wrist watches. Order now and enjoy free shipping and hassle-free returns. Join the ranks of satisfied customers who have made our watches a part of their everyday journey.', 'Special Edition', 2599.00, 2199.00, 'res/thumbnails/neon_thumbnail4.jpg', 'neon_image10.png,neon_image11.png,neon_image12.png', '18\nNew Review: I love this watch! It looks stylish and feels comfortable.', 4.6, 'Neon Red, Neon Cyan', 'Stainless Steel', 'OLED', 'Bluetooth, Wi-Fi', '2 days', 'Fitness tracker, Sleep analysis', 'IP67', 'iOS, Android', 'Weather updates', '2 years warranty', '45 days return', 'Customers love the vibrant and eye-catching design', '40mm case size, Silicone band', 'Minimal packaging', 'Domestic shipping available'),
(49, 'Radiant Neon Watch', 'Shine bright with the Radiant Neon Watch. Introducing our latest collection of wrist watches that redefine style and functionality. Crafted with precision, these watches showcase a perfect blend of modern design and timeless elegance. Whether you\'re dressing up for a formal occasion or adding a touch of sophistication to your everyday look, our wrist watches are the ultimate choice. Explore the intricate dial designs that capture attention from every angle. The durable materials ensure longevity, while the vibrant color options allow you to express your personal style effortlessly. Stay connected with the latest technology through seamless connectivity features. Our watches are equipped with advanced health tracking to monitor your well-being, and the water-resistant build ensures you\'re ready to take on any adventure. With a long-lasting battery life, you can count on your watch to be your reliable companion throughout your day. Enhance your lifestyle with these watches that not only keep you on time but also elevate your fashion game. Experience the future of timekeeping with our wrist watches. Order now and enjoy free shipping and hassle-free returns. Join the ranks of satisfied customers who have made our watches a part of their everyday journey.', 'Special Edition', 2199.00, 1799.00, 'res/thumbnails/neon_thumbnail5.jpg', 'neon_image13.png,neon_image14.png,neon_image15.png', '10\nNew Review: I love this watch! It looks stylish and feels comfortable.', 4.0, 'Neon Orange, Neon Green', 'Plastic', 'LCD', 'Bluetooth', '1.5 days', 'Step counter, Heart rate monitor', 'IP65', 'iOS, Android', 'Fitness challenges', '1 year warranty', '30 days return', 'Mixed reviews about strap comfort', '42mm case size, Silicone band', 'Simple packaging', 'Free local shipping'),
(50, 'Luminous Fusion Watch', 'A fusion of light and style with the Luminous Fusion Watch. Introducing our latest collection of wrist watches that redefine style and functionality. Crafted with precision, these watches showcase a perfect blend of modern design and timeless elegance. Whether you\'re dressing up for a formal occasion or adding a touch of sophistication to your everyday look, our wrist watches are the ultimate choice. Explore the intricate dial designs that capture attention from every angle. The durable materials ensure longevity, while the vibrant color options allow you to express your personal style effortlessly. Stay connected with the latest technology through seamless connectivity features. Our watches are equipped with advanced health tracking to monitor your well-being, and the water-resistant build ensures you\'re ready to take on any adventure. With a long-lasting battery life, you can count on your watch to be your reliable companion throughout your day. Enhance your lifestyle with these watches that not only keep you on time but also elevate your fashion game. Experience the future of timekeeping with our wrist watches. Order now and enjoy free shipping and hassle-free returns. Join the ranks of satisfied customers who have made our watches a part of their everyday journey.', 'Special Edition', 2999.00, 2599.00, 'res/thumbnails/neon_thumbnail6.jpg', 'neon_image16.png,neon_image17.png,neon_image18.png', '12\nNew Review: I love this watch! It looks stylish and feels comfortable.', 4.4, 'Neon Pink, Neon Blue', 'Aluminum', 'AMOLED', 'Bluetooth', '2.5 days', 'Fitness tracker, Sleep insights', 'IP68', 'iOS, Android', 'Custom watch faces', '2 years warranty', '45 days return', 'Users praise the unique and captivating design', '44mm case size, Metal mesh band', 'Sturdy packaging', 'International shipping available'),
(51, 'Neon Blaze Watch', 'Ignite your look with the Neon Blaze Watch. Introducing our latest collection of wrist watches that redefine style and functionality. Crafted with precision, these watches showcase a perfect blend of modern design and timeless elegance. Whether you\'re dressing up for a formal occasion or adding a touch of sophistication to your everyday look, our wrist watches are the ultimate choice. Explore the intricate dial designs that capture attention from every angle. The durable materials ensure longevity, while the vibrant color options allow you to express your personal style effortlessly. Stay connected with the latest technology through seamless connectivity features. Our watches are equipped with advanced health tracking to monitor your well-being, and the water-resistant build ensures you\'re ready to take on any adventure. With a long-lasting battery life, you can count on your watch to be your reliable companion throughout your day. Enhance your lifestyle with these watches that not only keep you on time but also elevate your fashion game. Experience the future of timekeeping with our wrist watches. Order now and enjoy free shipping and hassle-free returns. Join the ranks of satisfied customers who have made our watches a part of their everyday journey.', 'Special Edition', 2799.00, 2399.00, 'res/thumbnails/neon_thumbnail7.jpg', 'neon_image19.png,neon_image20.png,neon_image21.png', '14\nNew Review: I love this watch! It looks stylish and feels comfortable.', 4.3, 'Neon Cyan, Neon Red', 'Stainless Steel', 'OLED', 'Bluetooth, Wi-Fi', '2 days', 'Health tracker, Sleep insights', 'IP68', 'iOS, Android', 'Fitness challenges', '2 years warranty', '45 days return', 'Customers love the energetic and lively design', '42mm case size, Silicone band', 'Stylish packaging', 'Nationwide shipping available'),
(52, 'Vivid Fusion Watch', 'Experience vibrant fusion with the Vivid Fusion Watch. Introducing our latest collection of wrist watches that redefine style and functionality. Crafted with precision, these watches showcase a perfect blend of modern design and timeless elegance. Whether you\'re dressing up for a formal occasion or adding a touch of sophistication to your everyday look, our wrist watches are the ultimate choice. Explore the intricate dial designs that capture attention from every angle. The durable materials ensure longevity, while the vibrant color options allow you to express your personal style effortlessly. Stay connected with the latest technology through seamless connectivity features. Our watches are equipped with advanced health tracking to monitor your well-being, and the water-resistant build ensures you\'re ready to take on any adventure. With a long-lasting battery life, you can count on your watch to be your reliable companion throughout your day. Enhance your lifestyle with these watches that not only keep you on time but also elevate your fashion game. Experience the future of timekeeping with our wrist watches. Order now and enjoy free shipping and hassle-free returns. Join the ranks of satisfied customers who have made our watches a part of their everyday journey.', 'Special Edition', 2499.00, 2099.00, 'res/thumbnails/neon_thumbnail8.jpg', 'neon_image22.png,neon_image23.png,neon_image24.png', '16\nNew Review: I love this watch! It looks stylish and feels comfortable.', 4.6, 'Neon Purple, Neon Yellow', 'Plastic', 'LCD', 'Bluetooth', '2 days', 'Step counter, Heart rate monitor', 'IP65', 'iOS, Android', 'Fitness challenges', '1 year warranty', '30 days return', 'Mixed reviews about strap comfort', '38mm case size, Silicone band', 'Simple packaging', 'Free local shipping');

--
-- Indexes for dumped tables
--

--
-- Indexes for table `cart`
--
ALTER TABLE `cart`
  ADD PRIMARY KEY (`cart_id`),
  ADD KEY `user_id` (`user_id`),
  ADD KEY `product_id` (`product_id`);

--
-- Indexes for table `order_history`
--
ALTER TABLE `order_history`
  ADD PRIMARY KEY (`order_id`),
  ADD KEY `user_id` (`user_id`),
  ADD KEY `product_id` (`product_id`);

--
-- Indexes for table `product_ratings`
--
ALTER TABLE `product_ratings`
  ADD PRIMARY KEY (`rating_id`),
  ADD KEY `product_id` (`product_id`),
  ADD KEY `user_id` (`user_id`);

--
-- Indexes for table `product_reviews`
--
ALTER TABLE `product_reviews`
  ADD PRIMARY KEY (`review_id`),
  ADD KEY `product_id` (`product_id`),
  ADD KEY `user_id` (`user_id`);

--
-- Indexes for table `users`
--
ALTER TABLE `users`
  ADD PRIMARY KEY (`id`);

--
-- Indexes for table `wishlist`
--
ALTER TABLE `wishlist`
  ADD PRIMARY KEY (`wishlist_id`);

--
-- Indexes for table `wrist_watch_products`
--
ALTER TABLE `wrist_watch_products`
  ADD PRIMARY KEY (`product_id`);

--
-- AUTO_INCREMENT for dumped tables
--

--
-- AUTO_INCREMENT for table `cart`
--
ALTER TABLE `cart`
  MODIFY `cart_id` int(11) NOT NULL AUTO_INCREMENT, AUTO_INCREMENT=71;

--
-- AUTO_INCREMENT for table `order_history`
--
ALTER TABLE `order_history`
  MODIFY `order_id` int(11) NOT NULL AUTO_INCREMENT, AUTO_INCREMENT=29;

--
-- AUTO_INCREMENT for table `product_ratings`
--
ALTER TABLE `product_ratings`
  MODIFY `rating_id` int(11) NOT NULL AUTO_INCREMENT, AUTO_INCREMENT=532;

--
-- AUTO_INCREMENT for table `product_reviews`
--
ALTER TABLE `product_reviews`
  MODIFY `review_id` int(11) NOT NULL AUTO_INCREMENT, AUTO_INCREMENT=548;

--
-- AUTO_INCREMENT for table `users`
--
ALTER TABLE `users`
  MODIFY `id` int(11) NOT NULL AUTO_INCREMENT, AUTO_INCREMENT=21;

--
-- AUTO_INCREMENT for table `wishlist`
--
ALTER TABLE `wishlist`
  MODIFY `wishlist_id` int(11) NOT NULL AUTO_INCREMENT, AUTO_INCREMENT=5;

--
-- AUTO_INCREMENT for table `wrist_watch_products`
--
ALTER TABLE `wrist_watch_products`
  MODIFY `product_id` int(11) NOT NULL AUTO_INCREMENT, AUTO_INCREMENT=53;

--
-- Constraints for dumped tables
--

--
-- Constraints for table `cart`
--
ALTER TABLE `cart`
  ADD CONSTRAINT `cart_ibfk_1` FOREIGN KEY (`user_id`) REFERENCES `users` (`id`),
  ADD CONSTRAINT `cart_ibfk_2` FOREIGN KEY (`product_id`) REFERENCES `wrist_watch_products` (`product_id`);

--
-- Constraints for table `order_history`
--
ALTER TABLE `order_history`
  ADD CONSTRAINT `order_history_ibfk_1` FOREIGN KEY (`user_id`) REFERENCES `users` (`id`),
  ADD CONSTRAINT `order_history_ibfk_2` FOREIGN KEY (`product_id`) REFERENCES `wrist_watch_products` (`product_id`);

--
-- Constraints for table `product_ratings`
--
ALTER TABLE `product_ratings`
  ADD CONSTRAINT `product_ratings_ibfk_1` FOREIGN KEY (`product_id`) REFERENCES `wrist_watch_products` (`product_id`),
  ADD CONSTRAINT `product_ratings_ibfk_2` FOREIGN KEY (`user_id`) REFERENCES `users` (`id`);

--
-- Constraints for table `product_reviews`
--
ALTER TABLE `product_reviews`
  ADD CONSTRAINT `product_reviews_ibfk_1` FOREIGN KEY (`product_id`) REFERENCES `wrist_watch_products` (`product_id`),
  ADD CONSTRAINT `product_reviews_ibfk_2` FOREIGN KEY (`user_id`) REFERENCES `users` (`id`);
COMMIT;

/*!40101 SET CHARACTER_SET_CLIENT=@OLD_CHARACTER_SET_CLIENT */;
/*!40101 SET CHARACTER_SET_RESULTS=@OLD_CHARACTER_SET_RESULTS */;
/*!40101 SET COLLATION_CONNECTION=@OLD_COLLATION_CONNECTION */;
